AwayGoals,AwayPos,aShots,aOnt,aOft,aBlock,aPass,aClear,aCorners,aOff,aTackles,aAerial,aSaves,aFouls,aFoulsW,aYellow,aRed
2,48.9,19,6,7,6,83.7,5,8,3,71.4,62.2,2,12,9,3,0
2,45.8,15,4,6,5,77.5,2,7,2,66.7,61,1,11,11,0,0
0,37.1,5,1,1,3,69.2,0,3,1,72.7,55.3,1,16,9,3,0
1,52.8,7,2,3,2,83,0,2,0,80.8,43.3,1,13,11,2,0
3,30,13,7,2,4,67,1,5,1,72.2,51.2,4,9,10,0,0
2,54.2,7,3,3,1,82.2,0,3,2,57.1,52.2,3,11,11,5,0
0,26.9,5,4,1,0,71.6,2,0,2,35.7,43.8,4,4,6,1,0
3,74.7,14,6,5,3,89,0,4,1,41.7,53.1,1,5,9,0,0
1,27.9,5,3,0,2,61.9,3,1,2,75,55.9,1,16,9,1,0
1,37,13,4,6,3,67.1,1,7,1,23.1,40.5,0,13,16,1,0
1,42.8,12,3,6,3,79.1,0,3,1,30,54.2,3,9,8,1,0
3,50,10,5,5,0,83.7,4,0,3,44.4,42.3,2,11,8,0,0
4,76.9,26,10,6,10,89.9,3,8,3,45.5,41.4,1,11,14,0,0
0,69,7,0,4,3,88.4,1,9,1,100,51.6,2,19,13,4,0
0,37.5,12,1,4,7,76.5,1,7,1,53.3,48.3,3,12,13,2,0
1,49.4,5,2,3,0,77.8,1,1,2,70,57.1,0,19,11,3,0
0,46.6,7,3,1,3,77.7,0,2,1,38.5,45,3,15,11,1,0
2,57,16,8,3,5,69,3,6,1,54.5,52.6,3,11,11,2,0
0,71,24,6,8,10,90.4,0,13,0,50,61.1,1,10,15,1,0
2,57.7,23,8,7,8,86.3,2,8,1,53.8,55.2,2,16,8,0,0
1,59.4,14,3,6,5,76.5,1,3,2,56.3,35.5,1,11,11,2,0
1,45.1,15,1,7,7,79.6,2,5,0,55.6,47.7,0,13,15,1,0
0,45.6,5,1,3,1,75.1,1,5,4,60,53.8,5,10,11,2,0
2,59.4,17,5,9,3,87.4,1,7,0,78.6,75,5,15,10,2,0
1,32.1,10,2,4,4,60.9,0,2,2,72.2,57.8,4,10,5,0,0
1,53.3,14,5,6,3,76.8,1,8,1,77.8,48.2,0,8,9,0,0
1,27.5,15,3,6,6,65.1,2,5,2,66.7,57.1,2,10,8,1,0
3,47.2,8,5,1,2,86.4,2,4,1,35.7,41.4,5,13,6,3,0
1,68.9,24,8,7,9,85,3,13,4,83.3,52.8,0,10,12,1,0
0,32.3,2,0,0,2,76.7,0,1,1,80,42.9,5,9,9,2,0
2,52.5,9,5,2,2,80.8,2,6,0,60,48.3,2,15,14,3,0
0,44.9,6,2,1,3,82.2,0,2,0,80,50,4,9,9,2,0
0,55.1,9,5,3,1,79.3,1,1,0,53.3,52.5,7,21,19,4,1
1,62.7,13,4,6,3,89,0,5,0,58.3,41.4,7,11,16,3,0
1,55.9,13,5,3,5,80.4,0,6,1,58.8,56.1,1,12,11,1,1
4,47.5,19,7,11,1,83.3,5,6,0,66.7,59.3,2,8,8,0,0
1,52.3,8,4,4,0,72.8,2,4,3,92.3,42.6,3,15,22,4,0
1,29.2,6,2,2,2,59.6,0,6,3,36.4,48.4,8,4,6,2,0
0,76.3,15,4,7,4,88,2,6,0,87.5,44.4,1,6,8,0,0
5,70.2,26,8,12,6,90.5,7,7,1,81.3,50,0,3,7,0,0
0,64.3,9,0,4,5,81.2,0,12,0,76.2,64.4,2,14,10,2,0
1,61.3,16,4,6,6,81.1,1,5,2,69.2,48.8,3,14,13,3,0
3,66.6,14,6,6,2,89,3,5,1,45.5,61.9,1,13,7,3,0
0,26.4,6,1,0,5,72.3,0,1,0,73.3,26.3,5,7,11,0,0
0,57.2,6,1,5,0,79.8,0,1,0,46.2,44.9,2,6,5,0,0
1,46.8,8,4,3,1,76.7,0,3,5,82.4,48.5,4,7,7,1,0
3,55.6,20,8,5,7,82.8,3,10,0,36.4,53.6,1,15,7,4,0
3,58,14,6,6,2,83.8,5,9,0,47.6,36.7,2,10,11,0,0
1,56.5,12,3,6,3,82.7,2,3,0,36.8,30.2,2,15,11,4,0
1,62.5,13,5,7,1,82.4,1,1,1,70.6,51.4,6,14,10,0,0
0,48.4,11,3,4,4,82.6,0,6,2,80,64.7,2,18,14,2,0
1,52.6,10,3,3,4,71.4,2,9,1,66.7,56.1,3,14,8,0,0
2,42.6,17,7,6,4,76.8,3,4,1,50,59.2,2,11,9,0,0
0,28.8,9,3,4,2,66.5,1,5,5,62.5,60,2,8,18,1,0
0,73.7,26,6,9,11,89.5,4,13,3,62.5,55.6,3,7,6,2,0
1,42,8,2,3,3,82.5,1,2,0,45.5,50,1,13,10,2,0
0,47.8,7,1,5,1,79.6,1,7,1,44.4,52.2,1,8,18,1,0
2,30.7,7,3,3,1,75.6,1,3,4,40,44.4,6,12,2,1,0
2,48.1,8,5,1,2,82.4,2,5,0,65.5,43.3,1,11,6,4,0
0,29.6,7,3,4,0,76.7,1,3,2,62.5,37.9,6,12,9,2,0
1,67.5,9,2,5,2,85.2,1,6,1,78.6,44.2,2,13,12,0,0
0,53,11,3,2,6,86.2,2,3,2,61.5,52.4,2,7,7,2,0
0,48.4,8,2,3,3,79.6,0,2,2,78.9,26.9,4,10,10,4,0
4,45.1,12,7,4,1,79.3,3,3,1,68.8,51.2,0,10,11,0,0
1,65.1,15,3,6,6,87.4,1,5,1,66.7,39.6,0,10,13,1,0
2,71.2,17,6,9,2,88.6,0,3,2,57.9,42.9,1,9,10,1,0
3,62,12,6,4,2,88.2,1,5,2,75,45.5,2,9,9,1,0
1,41.6,8,4,3,1,76.8,0,1,0,75,59.4,4,13,12,1,0
3,52.4,11,7,3,1,72.6,2,3,1,70,57.6,0,9,18,0,0
1,52,9,2,6,1,80.4,0,2,2,60,55.3,1,16,16,1,0
0,44.8,10,4,6,0,61.7,0,7,0,56.3,49.4,3,15,12,0,0
2,47.4,10,5,3,2,76.4,1,6,1,20,55.2,3,14,10,2,0
1,64.7,11,2,6,3,91.2,1,7,1,71.4,31.3,5,3,13,1,1
0,31.8,4,1,1,2,82.5,0,5,2,33.3,33.3,3,6,10,0,0
1,47.9,14,2,7,5,77.2,2,9,0,40,56.9,2,13,14,2,0
1,53.4,12,5,3,4,80,0,5,1,75,63.4,1,13,7,1,0
0,44.9,4,0,2,2,76.1,0,4,2,70.6,53.8,1,11,10,3,0
0,26.7,3,0,3,0,71.2,0,0,1,65,39.3,3,5,7,0,0
0,33.6,10,2,3,5,71.8,0,7,0,66.7,52.6,2,13,10,2,0
0,35.5,10,2,7,1,73.7,0,4,2,52.4,51.1,3,7,12,2,0
0,28.3,1,0,1,0,76.4,0,1,2,63.6,37.9,2,7,7,1,0
0,54,7,1,3,3,83.3,1,4,1,56.3,52.4,5,10,9,0,1
2,74,19,5,7,7,85.7,1,10,0,57.1,50,3,17,9,1,0
0,70.1,10,3,4,3,85,0,6,1,75,56.9,3,12,12,2,0
1,68.3,15,2,7,6,81.4,1,7,3,63,48.8,3,12,15,1,0
1,58.7,13,6,3,4,88.9,0,8,4,50,61.1,3,8,13,1,0
2,57.8,10,6,1,3,81.8,1,7,1,61.1,55.8,2,7,6,1,0
2,41.3,7,2,4,1,76.6,1,4,3,38.5,54.8,1,15,12,2,0
3,45,22,9,6,7,69.1,1,7,1,50,63.9,1,15,7,1,0
1,61.2,12,6,4,2,82.8,1,6,3,50,57.6,2,18,17,1,0
0,54.9,5,1,1,3,79.5,0,4,0,72.2,54.1,6,14,11,1,0
0,32.9,4,0,3,1,83.8,1,2,5,66.7,25,9,7,9,1,1
0,35.4,4,1,3,0,69.4,1,0,2,69.6,45.5,3,12,15,1,0
0,39.8,3,1,1,1,79,1,1,1,66.7,52.8,7,10,8,2,0
1,25.5,6,4,0,2,60.6,2,4,5,66.7,50,4,12,7,1,0
0,31.1,14,6,6,2,68.6,3,7,2,81.8,52.2,1,9,11,2,0
0,55.8,10,3,2,5,75.2,0,8,1,50,52.3,2,16,11,4,0
0,58.2,12,5,4,3,81.3,1,5,3,61.1,53.5,2,8,12,0,0
1,62,14,7,3,4,80.6,3,8,2,46.7,42.4,3,15,13,3,0
0,56.9,7,1,4,2,82.5,0,0,0,56.5,50,1,7,4,3,0
1,55,13,2,6,5,74.3,0,5,0,57.1,37,6,11,15,4,0
1,55.9,14,5,5,4,77,0,8,1,68.8,48.4,4,11,10,4,0
3,34.5,14,4,7,3,73.9,2,5,0,40,46.2,3,14,11,2,0
1,33.5,12,3,6,3,68.5,4,7,3,56.5,36.7,8,9,8,1,0
2,73.1,23,6,12,5,87.5,1,14,2,50,55.8,3,5,8,2,0
0,46,8,1,4,3,65.6,0,7,2,50,60.7,4,9,10,3,0
1,66.3,10,2,3,5,74.9,1,9,1,47.1,45.2,4,11,7,1,0
0,70.8,7,1,4,2,84.7,0,5,1,25,45.9,2,8,3,0,0
0,57.4,19,4,8,7,83.1,0,7,0,26.7,59.1,5,16,13,2,0
2,30.7,7,4,2,1,65.8,2,8,2,57.9,52.1,4,10,4,3,0
0,42,7,2,2,3,74.8,0,5,1,56.3,55,5,15,6,1,0
0,60.2,6,4,1,1,84.9,0,1,0,56.3,36.8,3,6,11,3,0
2,48.7,17,5,8,4,84.8,3,3,2,57.1,67.9,1,12,12,4,0
1,50.9,5,3,0,2,82.3,0,5,0,62.5,57.1,5,14,14,2,0
0,57.9,12,4,4,4,78.8,4,4,1,50,53.8,7,9,8,3,0
0,55.8,8,2,3,3,77,0,5,3,43.8,37.1,8,11,14,6,1
1,33.7,9,2,4,3,66,1,2,2,53.3,52.2,2,6,4,2,0
0,54.1,4,1,0,3,74.1,0,6,2,46.2,41.8,7,17,13,4,0
1,68.1,18,7,6,5,89.1,3,7,1,73.3,52.9,3,10,13,0,0
0,22.7,3,0,2,1,70.1,0,1,3,46.7,57.9,5,7,5,1,0
2,38.8,9,3,4,2,79.6,1,8,0,50,51.6,1,11,9,3,0
3,45.7,23,10,6,7,75.6,4,7,1,45.8,54.3,3,10,12,0,0
0,31.6,10,2,5,3,81,2,6,4,44.4,50,3,9,15,0,0
2,36.4,9,6,3,0,60.6,1,3,3,55.6,46.9,1,11,6,2,0
1,63.3,17,6,7,4,84,1,7,0,68.8,54.2,1,11,5,2,0
0,59.2,9,3,2,4,83.8,0,0,0,57.1,46.3,3,10,12,2,1
1,45.7,10,2,7,1,72.4,0,4,1,50,40.6,3,8,10,3,0
1,53.4,10,2,6,2,76.9,0,6,2,66.7,45.5,5,12,11,1,0
1,32.8,5,2,2,1,64.1,0,2,2,60,33.3,2,12,9,2,0
0,57.3,13,2,6,5,80.5,2,7,1,76.5,45,2,11,8,3,0
0,66.9,19,6,6,7,87.9,2,6,0,60,59.1,1,14,6,3,1
2,50.3,7,3,1,3,78.1,2,6,1,53.3,50,2,14,14,2,0
1,60.4,18,5,9,4,76.1,0,8,3,20,46.6,4,15,10,3,0
1,39.3,10,3,3,4,71.2,1,5,0,45,43.6,3,15,9,2,0
0,38.5,17,4,7,6,63.9,0,11,5,61.1,51.5,5,15,7,2,0
0,56.6,19,4,9,6,81,3,12,0,70,53.2,6,15,10,1,0
3,55.4,12,5,4,3,74.1,3,4,2,63.6,44.1,0,14,17,2,1
3,64.9,19,6,10,3,83.9,4,6,1,42.1,50,3,9,6,1,0
0,36.3,15,4,5,6,79.4,2,6,1,67.9,47.1,5,15,14,2,0
2,70.6,13,5,5,3,88.8,2,7,0,52.9,46.7,4,6,6,0,0
2,53.6,13,6,1,6,83.3,0,4,0,54.5,36.7,2,11,4,1,0
1,32.7,6,2,3,1,67.8,0,8,1,33.3,45.7,4,19,9,1,0
1,49.6,13,2,7,4,78.9,0,3,0,62.5,40.5,1,7,12,1,0
2,27.8,5,2,2,1,59,1,2,2,61.5,42.4,7,7,11,2,0
1,35.5,8,2,3,3,68.2,2,3,3,52.4,37,3,18,10,2,0
1,65.3,21,8,6,7,83.4,2,8,1,56.3,50,1,12,8,1,0
2,55.6,15,6,6,3,70.3,2,8,1,63.6,47.5,0,13,12,2,0
2,45.1,9,3,3,3,79.9,0,4,0,55.6,40,6,10,12,1,0
1,67.3,18,5,8,5,86.7,2,13,1,62.5,47.7,1,13,12,3,0
2,41.2,2,2,0,0,78.2,1,5,1,57.1,38.2,6,6,11,1,1
1,55.5,18,8,6,4,78.9,4,5,0,78.3,45,3,8,14,0,0
0,46.8,9,4,4,1,79.1,2,5,3,50,44.8,3,10,7,3,0
0,58.5,16,5,6,5,82.1,2,3,3,52.9,32,2,13,12,3,0
1,39,12,4,6,2,69.7,2,5,0,60,56,3,13,8,2,0
1,44.7,8,3,5,0,74.3,2,4,4,60,47.1,1,13,11,3,0
2,27.5,5,3,1,1,64.4,1,2,1,72.2,53.3,4,7,9,2,0
0,34,6,3,1,2,67.7,2,5,3,47.4,56,3,10,8,2,1
3,47.5,8,4,3,1,63.9,3,3,2,76.9,59.6,3,12,13,1,0
1,51.2,11,3,5,3,79.3,4,6,1,50,41.9,4,13,11,0,0
0,69.9,19,4,7,8,85,2,10,2,66.7,42,1,14,9,1,0
3,43.3,18,6,6,6,72,2,5,5,55.6,58.3,1,13,3,1,0
6,70.6,22,12,8,2,92.2,4,4,0,50,47.8,0,12,3,1,0
1,57.3,7,4,2,1,78.2,1,4,1,58.8,45.8,1,22,14,3,1
0,34.5,7,3,2,2,68.7,1,3,6,46.2,58.8,5,4,7,3,0
0,46.2,9,2,6,1,73.9,1,3,2,46.2,50,5,7,6,1,0
2,41.8,16,10,5,1,56.9,3,4,2,69.6,57.1,4,17,8,3,0
0,40.4,8,3,2,3,78.9,0,2,0,50,37.5,2,7,17,0,0
1,34.3,5,1,2,2,74.9,0,2,1,73.3,45.5,2,12,12,3,0
1,66.8,13,7,5,1,86.9,2,3,2,60,62.5,4,8,4,2,0
0,53.1,7,2,5,0,73.2,1,3,1,75,48.1,2,6,11,0,0
0,25.2,3,2,1,0,73.1,1,4,3,64.3,35.7,5,8,5,0,0
1,52.3,16,5,4,7,81.2,0,3,3,56,42.2,4,15,8,3,0
2,38.1,11,6,3,2,68.2,2,4,1,69.2,48.5,0,10,12,1,0
3,76.6,17,10,5,2,90.6,2,5,3,52.9,66.7,2,12,8,1,0
0,59.1,11,5,2,4,73.9,1,9,3,65.2,48.8,2,8,20,4,0
1,63.6,16,4,7,5,84.9,2,7,0,60.9,42.9,1,6,12,1,0
1,34.6,7,2,3,2,77.3,0,6,1,71.4,64.4,5,11,11,4,0
1,59.4,12,3,4,5,81,1,5,1,18.8,53.1,3,9,12,0,0
0,57.4,3,2,1,0,87.2,1,2,3,50,55,3,12,3,2,0
0,51.2,10,4,3,3,85.2,1,4,0,41.7,56.3,2,15,11,0,0
2,57.9,13,4,6,3,83.5,2,3,1,58.8,46.9,1,19,13,4,0
0,37.1,10,2,5,3,73.3,0,6,5,52.2,59.1,2,3,5,0,0
0,27.1,8,0,6,2,74.2,3,5,5,62.5,58.6,2,6,4,1,0
0,44.9,10,2,3,5,76.8,0,2,0,50,47.8,4,11,9,2,0
2,57.3,22,9,7,6,78.4,2,8,2,66.7,32.9,4,13,12,2,0
1,40.1,5,2,3,0,72.8,0,4,2,62.5,53.8,4,7,13,2,0
0,51.2,11,2,3,6,81.3,1,3,3,54.5,61.1,3,9,15,1,0
2,58.9,15,7,1,7,81.2,1,6,3,54.5,51.4,1,10,11,3,0
2,57.3,13,8,2,3,81.1,3,6,3,54.5,35.9,3,4,16,1,0
2,61.4,14,5,3,6,81.2,2,4,2,50,48.8,1,10,17,3,0
2,38.1,7,3,3,1,78.8,1,1,1,37.5,46.2,5,13,7,1,1
1,46.2,11,5,5,1,79.6,2,2,0,56.5,71,3,9,10,2,0
0,57.5,16,6,6,4,83.5,2,8,0,71.4,39,1,12,15,3,0
1,60.5,17,2,6,9,86.8,0,3,0,60,46.2,3,13,5,4,0
2,33.9,5,3,0,2,63,1,1,2,50,44.3,3,9,9,2,0
1,41.8,10,2,5,3,73.8,1,6,2,50,62.8,2,10,5,2,0
0,32.5,6,0,6,0,56.5,1,3,1,65,52.9,4,14,14,0,0
1,41.9,5,2,2,1,68.7,1,1,1,42.9,42.6,3,8,11,3,0
1,26.7,7,2,5,0,72.2,1,0,1,65,54.8,6,7,9,2,0
4,58.8,15,6,7,2,85.8,4,8,3,80,52,0,7,4,1,0
0,63.9,17,8,6,3,84.2,3,5,4,44.4,69.4,1,11,14,1,0
2,55.5,13,3,6,4,81.8,0,5,2,56.3,50,1,11,8,3,0
0,57,6,2,4,0,83.3,1,4,1,71.4,54.5,0,11,10,3,0
3,43.5,17,8,5,4,68.6,1,5,3,81.3,32.7,5,15,15,1,0
1,35.2,2,1,0,1,58.3,0,5,0,53.8,50,0,21,13,4,0
1,31,7,2,5,0,64.2,1,3,3,59.1,50.9,2,11,5,3,0
0,57.5,16,4,7,5,83.5,1,5,0,38.9,54.8,2,11,12,0,0
2,49.8,14,4,2,8,81.1,2,11,2,61.5,50,6,14,7,4,0
1,37.3,5,2,3,0,81.2,2,1,3,42.9,57.9,9,9,13,2,0
1,65.2,15,10,3,2,83.6,1,7,1,68.8,27.8,3,12,6,1,0
1,33.5,8,3,5,0,66.7,0,5,3,47.6,37.5,7,12,10,2,0
2,42.2,9,5,3,1,72.8,1,2,1,55.6,58.5,4,10,12,4,0
3,57.6,14,7,3,4,90.5,1,3,1,52.4,62.5,1,24,8,4,0
0,32.1,8,2,6,0,64.1,1,3,4,71.4,30.6,4,6,7,1,0
0,52,9,0,7,2,73.3,2,3,1,47.1,39.6,3,12,15,2,0
1,33,11,2,1,8,65.5,1,4,1,71.4,44.6,5,14,9,2,0
1,43.2,10,3,3,4,78.8,1,4,1,64.7,55.2,5,15,11,5,0
0,43.3,8,0,7,1,68.7,0,2,0,81.8,52.9,1,9,8,2,0
1,43,11,4,3,4,60.7,0,8,2,64.7,47.7,2,14,9,3,0
3,64.2,10,3,3,4,86.5,3,3,0,58.3,58.1,3,6,12,0,0
4,59.6,23,8,8,7,86,6,6,1,47.1,62.5,1,15,21,2,0
1,54.7,19,4,10,5,72.4,1,12,1,54.2,47.1,4,17,11,3,0
2,41.8,9,3,5,1,70.1,1,1,2,64.7,58.6,3,12,6,4,0
2,38,13,6,2,5,72.5,3,4,3,55.6,54.1,3,7,9,0,0
1,70,15,4,7,4,85,1,5,3,57.1,50,4,9,14,0,0
3,73.8,21,9,7,5,89.1,4,4,1,50,48.3,0,6,5,1,0
0,51,7,1,5,1,76.4,1,1,2,46.7,51.9,2,8,12,1,0
0,49.8,3,0,2,1,73.7,0,2,1,78.6,44,3,16,15,2,0
2,28.1,11,7,2,2,75.1,0,3,0,63.2,47.8,4,10,10,2,0
2,26.7,6,4,1,1,66,1,1,2,64.3,56.5,6,6,10,0,0
2,50.8,20,9,5,6,81.6,0,9,0,63.6,67.6,4,11,9,1,0
1,35.5,9,3,1,5,80.2,1,5,1,40.9,55.6,7,10,18,1,0
0,37,4,1,1,2,69.8,0,2,1,70.6,50,3,16,10,2,0
1,53.4,8,5,1,2,79.1,0,3,1,83.3,59.3,5,9,9,1,0
1,59.9,10,3,5,2,79.4,2,1,1,58.3,50.9,3,7,12,1,0
0,50.6,6,3,2,1,81.5,1,4,3,65.2,36.4,5,9,7,2,0
2,41.5,12,4,7,1,72.3,2,6,3,68.4,52.8,0,17,12,2,0
0,69.2,6,3,2,1,86.8,0,9,0,46.2,59.1,1,15,6,3,0
4,75.5,17,8,4,5,89.1,2,6,2,62.5,37.1,1,6,9,1,0
2,60.1,16,7,1,8,84.8,0,12,0,43.8,57.7,6,10,7,1,0
1,40.6,10,4,5,1,74.8,4,2,3,73.7,50,3,18,12,5,0
1,30.7,11,3,5,3,67.3,2,4,3,35,45.2,4,9,7,1,0
2,37.7,9,3,4,2,71.5,1,9,4,72.7,34.8,5,8,16,1,0
2,76.4,24,9,8,7,88.4,2,10,3,58.3,48.5,1,6,3,2,0
2,56.5,7,2,4,1,75,1,6,1,53.3,49.2,3,9,13,0,0
1,34.3,5,4,1,0,70.1,2,3,0,50,54.3,6,16,0,3,0
1,55.2,12,5,4,3,84,2,5,6,63.6,57.1,5,10,2,0,0
2,47.4,20,6,8,6,78.7,0,8,0,75,31.8,2,12,9,2,0
1,37.2,6,3,3,0,64.8,0,7,4,55.6,63.6,3,10,6,0,0
0,38,11,5,3,3,78.4,1,6,2,46.7,55,6,9,10,1,0
3,59.4,11,5,4,2,81.1,2,3,1,60,51.1,5,10,13,2,0
3,52.9,15,6,6,3,80.7,4,7,6,42.1,55.1,3,14,11,2,0
2,39,21,6,11,4,74.4,3,8,1,50,37.5,3,19,12,2,0
2,53.4,18,8,7,3,87,1,9,4,54.5,64.7,2,12,10,1,0
2,47.4,19,9,8,2,82.5,6,7,1,52.9,55,0,1,8,0,0
2,60,12,4,4,4,81.6,1,8,0,62.5,53.3,5,7,8,1,0
2,42.7,13,5,3,5,71,3,7,0,72.2,51.1,7,11,11,5,0
3,38.1,11,5,3,3,63.7,2,5,2,66.7,42.6,4,13,14,3,0
1,53.3,11,2,6,3,89.1,1,3,4,73.3,36.8,2,9,5,1,0
1,57.3,6,2,3,1,80.7,2,2,4,53.6,56,8,14,10,5,0
1,49.9,13,4,5,4,79.7,0,3,1,65,40.6,3,8,15,3,0
1,55,18,3,7,8,83.8,2,13,5,66.7,51.9,2,5,10,2,0
0,39.4,3,1,1,1,76.9,1,0,0,68.4,45.7,3,17,9,2,0
0,60,7,4,2,1,75.8,1,4,1,57.1,42.6,10,10,16,1,0
1,66.1,16,4,7,5,83.9,0,4,1,71.4,45.2,7,5,10,0,0
2,52.7,24,5,9,10,71.9,3,9,0,69.6,52.9,2,12,12,1,0
1,38.9,14,4,7,3,75.4,1,4,6,59.3,38.9,4,9,6,2,0
0,49.8,8,1,4,3,83.9,1,4,2,72.2,30.8,5,10,10,1,0
2,34.2,12,2,6,4,73.7,1,4,0,52,55.6,5,13,7,2,1
2,55.8,14,5,7,2,81.9,1,6,1,68.2,48.6,3,16,13,2,0
1,52.7,5,2,2,1,77.7,1,2,2,86.7,52.9,2,8,9,2,1
0,57.4,15,4,6,5,78.5,1,10,4,61.1,31.8,5,12,13,3,0
1,42.5,24,8,4,12,79.6,1,9,2,59.1,72,3,15,6,2,0
2,73.7,25,6,10,9,84.1,3,10,2,70.6,53.7,1,9,11,2,0
0,41.5,7,0,4,3,78.5,0,3,1,76.9,30,3,8,11,1,0
1,24.7,3,3,0,0,61.8,0,0,0,55,57.1,2,10,9,1,0
0,54.4,6,0,5,1,74.3,0,6,0,80,46.8,3,12,8,2,0
3,30.5,12,9,3,0,67.2,4,3,4,66.7,52.6,4,7,10,1,0
2,67.2,16,10,2,4,89.5,2,6,0,50,52.2,2,5,8,2,0
1,56.9,13,5,5,3,84.6,2,6,1,66.7,45.5,1,16,8,2,0
2,43.8,10,4,2,4,77.4,1,5,1,78.6,59.5,4,9,18,0,0
1,32,11,4,5,2,67.1,1,3,4,56.3,41,12,11,7,3,0
3,53.9,21,11,7,3,84.6,4,10,0,54.2,60,2,10,12,2,0
0,36.9,11,5,2,4,80.1,0,7,2,50,34.6,6,5,10,1,0
2,44.7,10,6,2,2,80.4,2,5,2,41.2,61.1,2,12,12,1,0
1,39.2,10,4,3,3,73.1,1,4,4,54.5,53.2,3,10,7,2,0
4,63.3,16,7,2,7,85.2,0,6,0,38.5,43.2,3,8,7,2,0
9,72.6,25,15,5,5,86.2,5,7,0,57.7,50,3,12,3,0,0
0,68.6,9,3,4,2,86.6,1,12,1,35.3,34.9,1,12,8,4,0
1,68,10,4,4,2,83.9,2,1,1,55.6,72.2,1,14,6,1,0
0,48.7,8,4,3,1,68.8,0,2,4,76.9,46.8,9,15,15,2,0
1,51.1,20,5,8,7,83.8,1,5,0,72.7,65.4,6,17,9,2,1
0,52.3,10,1,6,3,80.6,0,7,2,64.3,58.1,2,11,8,3,0
0,28.9,5,0,4,1,66.7,1,0,1,58.3,43.9,6,12,9,1,0
1,35.5,13,4,3,6,71.9,2,4,3,80,51.1,1,10,4,3,0
1,30.6,7,2,2,3,65.8,1,2,1,60,52.9,1,9,5,3,0
1,43,14,5,5,4,74.8,0,3,2,44.4,44.2,0,17,9,2,0
2,71.3,21,10,8,3,87.2,6,8,2,54.5,61.8,2,10,8,1,0
0,47.5,10,2,7,1,76.9,1,5,0,57.1,65,1,6,12,2,0
2,24,7,2,3,2,64.8,2,1,2,66.7,57.7,2,14,11,2,0
4,56.7,13,7,4,2,74.8,4,5,0,63.2,56.4,1,15,7,1,0
0,68.1,12,3,5,4,86.2,1,6,2,54.5,43.9,1,10,9,3,0
0,52.3,8,3,3,2,82.6,0,4,1,47.8,43.5,3,7,10,1,0
0,59.2,11,2,4,5,76.9,2,9,1,88.9,53.2,2,12,5,1,1
1,49.3,2,1,1,0,74.3,1,6,2,62.5,60.7,6,17,8,4,0
5,42.4,22,12,7,3,77.7,3,6,1,56.3,58.3,4,17,13,3,0
0,60.5,9,3,4,2,82.1,0,7,3,60,49,2,6,7,2,0
2,48.3,7,4,1,2,80.8,2,2,4,60,42.6,4,7,9,2,0
1,45.2,10,5,3,2,77.7,3,7,4,57.9,52.4,3,13,17,2,0
0,31.1,3,0,3,0,76.8,0,0,1,64.7,59.1,1,9,11,1,1
1,70.4,16,4,9,3,86,2,5,1,81.8,56.5,2,4,8,1,0
2,39.8,10,3,4,3,63,3,3,0,53.8,52.5,1,16,10,4,0
2,50.9,17,6,4,7,77.2,2,6,2,69.6,51,3,8,7,1,0
0,47.4,8,1,4,3,82.5,1,2,2,57.1,50,8,13,5,3,0
0,55.4,10,3,2,5,83.6,1,5,1,29.4,42.3,1,10,14,1,0
1,58.6,14,6,6,2,86.3,0,6,1,50,48.6,2,16,5,2,0
0,60.9,14,5,6,3,84.4,0,6,1,66.7,64.7,1,6,5,1,0
3,62.8,19,8,7,4,91.1,3,2,5,46.7,40.7,6,8,4,2,0
1,50.1,13,4,3,6,77.8,3,7,0,51.6,45.9,4,10,7,1,1
0,53.5,9,3,2,4,83.3,2,7,1,69.2,38.2,4,9,8,2,0
2,41.9,14,9,3,2,81.3,3,4,0,45,35.7,3,15,13,1,0
2,45,6,3,2,1,73,2,4,1,45.5,47.4,1,13,7,3,0
1,55.8,11,4,6,1,82.1,2,2,3,72.2,55.6,5,13,16,2,0
0,58.6,11,2,6,3,82.8,0,3,0,63.2,50,4,10,11,1,0
2,30.2,2,1,1,0,63.4,1,3,1,66.7,55.8,3,9,8,3,0
0,31.3,5,4,0,1,78.9,0,4,2,41.7,26.7,3,9,5,2,0
0,71.3,16,3,6,7,88.2,1,3,3,50,48.6,4,8,12,1,0
3,35.2,6,3,1,2,59.3,3,5,2,75,54.2,6,9,8,3,0
0,53.4,13,1,5,7,83.2,0,4,3,66.7,51.5,5,12,13,1,1
1,59.5,14,5,5,4,76.4,2,7,0,50,51.1,3,14,4,4,0
2,47.6,7,4,2,1,82.8,1,1,0,76.9,33.3,8,4,12,3,0
1,24.7,8,1,4,3,72.7,0,1,8,55,34.2,5,4,5,0,0
1,37.5,7,1,6,0,62.7,0,6,2,76.5,48.1,4,7,13,2,0
0,58.3,9,3,4,2,79.2,2,9,2,56.7,59.3,4,14,14,2,0
1,51.8,11,7,3,1,77.7,4,6,1,50,55.6,4,7,10,1,0
0,35.9,11,6,2,3,77.3,0,3,0,73.3,42.9,2,11,19,3,0
5,54.7,15,6,7,2,85,4,5,1,70,56.4,3,11,8,2,0
2,68.6,25,8,6,11,88.5,4,16,0,60,63.3,0,7,8,1,0
2,41.3,8,5,1,2,67.8,3,7,2,42.1,50,3,12,12,4,1
2,45.2,13,9,3,1,79.6,0,6,1,46.2,44.8,6,19,13,5,0
1,58.6,21,8,9,4,79.5,2,3,1,57.9,60,1,7,15,2,0
2,37.7,8,2,5,1,78.8,2,4,0,66.7,53.5,3,11,6,1,0
0,47.2,10,2,3,5,83.1,0,2,0,68.4,50,4,16,15,4,1
1,45,8,2,2,4,77.3,1,5,1,78.6,58.3,3,11,9,3,0
0,46.5,6,2,1,3,86.8,2,1,3,44.4,50,2,6,9,1,0
1,51.2,13,3,5,5,77.1,0,5,0,64.3,57.1,4,11,5,3,0
0,51.4,8,3,3,2,86.6,2,2,3,71.4,32,5,10,15,1,0
3,63.8,15,7,2,6,77.8,3,4,1,54.5,53.3,2,16,10,0,0
3,73.8,18,5,4,9,88.9,4,5,4,75,51.6,6,13,7,3,0
1,19.8,8,3,2,3,74.7,1,6,4,66.7,61.5,2,5,10,2,0
1,34.9,13,4,6,3,66,1,3,1,58.3,36.9,2,11,9,2,0
3,53.4,23,8,5,10,84.2,2,8,0,69.2,58.6,3,9,8,1,0
2,49.3,12,4,5,3,75.2,3,5,0,63.2,38.5,3,10,9,3,0
2,28.7,5,3,1,1,61,1,1,0,52,39.5,2,18,7,4,0
2,50.9,10,2,4,4,79.2,1,4,5,53.8,45.7,1,6,11,0,0
3,45.1,16,10,4,2,79.3,3,7,2,64.7,51.5,2,11,12,1,0
1,47.2,9,3,4,2,86.5,0,4,5,46.7,66.7,2,5,7,1,0
0,64.8,12,1,7,4,80.7,2,6,1,68.8,63.6,1,18,10,3,0
1,65.6,9,2,4,3,86.7,0,6,1,65.2,66.7,1,8,17,2,0
0,57.5,6,4,0,2,78.7,0,4,1,71.4,54,2,11,16,1,0
1,49.8,12,3,7,2,77.4,1,5,3,55.2,36.1,4,14,9,0,0
1,32.5,18,5,9,4,64.5,1,7,1,68.8,48.8,7,11,11,1,0
2,37.4,12,4,4,4,70.5,1,5,2,60,44,6,13,10,2,0
1,42.7,8,3,4,1,73.2,2,6,4,68.2,31.1,3,10,11,2,0
0,55.9,8,2,4,2,72.2,2,7,1,55.9,49.1,1,11,11,3,0
1,36.7,12,4,7,1,80.7,2,5,1,71.4,39.1,5,11,9,3,0
2,63.8,15,6,6,3,78.1,3,9,1,28.6,55.9,3,6,9,1,0
2,44.6,3,2,1,0,84,0,2,1,58.8,40,8,4,13,0,0
0,30,8,2,4,2,69.4,1,3,1,57.9,47.8,1,13,3,2,0
1,61.9,8,2,4,2,84.9,2,3,3,54.5,40,2,7,11,3,0
0,53.8,18,7,7,4,84.5,0,5,0,42.9,40.9,1,13,15,4,0
5,57.1,14,9,3,2,86.5,4,1,4,72.2,48.6,3,13,6,2,0
1,47.1,8,3,4,1,77.6,2,4,1,78.6,60,2,19,9,1,0
0,53.5,11,3,5,3,63.4,1,7,1,71.4,48.9,1,12,6,0,0
0,64.6,10,3,3,4,80.2,0,2,0,50,37.5,2,14,16,1,1
3,51.8,5,3,2,0,78.5,2,2,3,58.3,57.6,3,11,14,1,0
1,29.9,7,4,2,1,78.1,1,0,0,44.8,54.5,3,9,13,0,0
1,42.1,12,5,5,2,76.6,1,2,5,66.7,31.8,4,9,9,2,0
0,46.1,5,1,3,1,86.7,0,3,1,70.6,36.4,3,8,10,0,0
1,71.2,23,7,11,5,89,6,9,2,44.4,37.5,1,12,11,4,1
2,35.7,10,4,3,3,81.1,1,4,0,38.5,58.8,0,6,12,0,0
1,35.6,14,5,6,3,70.9,0,3,3,57.9,37,6,12,12,1,0
4,53,11,4,2,5,80.7,0,7,1,72.2,59.3,4,8,8,2,0
0,30.4,5,4,1,0,61.2,1,1,1,66.7,51.9,3,8,10,2,0
0,32.3,8,3,2,3,79.4,0,5,1,75,57.9,6,10,8,2,0
0,57,10,3,3,4,71.8,0,9,1,75,53,2,1,11,1,0
0,63.1,17,5,8,4,80.7,2,3,2,56.5,37.9,4,9,5,3,0
2,42.8,9,4,5,0,86.6,3,2,1,50,57.1,3,3,14,1,0
0,59,9,3,2,4,84.5,0,12,0,66.7,29.4,3,11,11,2,0
0,49.1,11,1,9,1,84.2,1,2,4,58.8,46.7,4,7,6,2,0
2,39.2,20,4,9,7,80.4,1,5,3,50,52,3,13,14,1,0
3,68.7,6,3,1,2,86.6,3,7,2,62.5,50,5,7,6,1,0
3,58.8,20,3,9,8,84.9,3,7,1,46.7,63.2,4,7,8,0,0
3,47.5,21,9,9,3,73.6,4,8,1,56.3,41.5,3,11,8,2,0
1,42.9,8,5,2,1,81.2,2,1,1,56,50,5,15,10,3,0
2,48.7,15,7,6,2,74.7,1,5,1,57.1,61.5,3,12,9,3,0
2,37.3,8,4,2,2,83.4,1,3,1,40,48,3,11,13,3,1
1,41.4,7,3,3,1,76.1,2,5,0,65.2,46.9,4,16,14,5,0
2,54.5,19,5,8,6,78.1,1,7,2,53.8,48.6,5,13,23,2,0
0,38.1,15,3,7,5,82.8,1,3,3,65,41.9,9,11,8,0,0
2,76.3,26,6,10,10,87.3,1,13,2,50,48.9,2,14,7,0,0
1,37.6,10,3,3,4,77.4,1,4,3,50,30,6,12,8,3,0
4,51.8,16,6,5,5,76.4,3,8,6,54.5,39.5,4,10,10,1,0
1,53.8,10,3,4,3,86.5,1,5,1,56.5,50,3,15,9,1,0
1,48.9,15,3,8,4,85.9,3,3,2,33.3,71.4,1,5,7,0,0
4,82.1,15,6,7,2,94.2,1,5,0,42.9,47.4,2,10,10,2,0
0,42,15,5,9,1,81.5,0,1,2,44.4,57.9,2,12,8,1,0
4,46.7,17,8,5,4,78.9,5,4,1,56.3,42.9,0,12,9,0,0
1,32.3,5,2,1,2,79.4,1,1,2,57.1,32,4,6,5,1,0
2,46.9,12,3,3,6,82.3,1,4,0,47.1,56.5,0,12,9,0,0
1,37.3,11,4,2,5,76.2,0,8,2,58.8,72.7,3,13,20,3,0
2,32,14,5,6,3,47.8,3,4,1,52.9,49.3,3,10,11,0,0
1,39.3,5,3,1,1,82.3,0,5,2,66.7,78.3,4,7,11,2,2
3,58.9,18,7,4,7,85.8,1,6,0,70,62.5,5,18,12,1,0
1,31.4,9,3,4,2,74.1,2,6,2,62.5,58.6,0,10,8,1,0
1,34.3,12,1,7,4,72.9,3,6,2,78.6,52.2,4,9,7,2,0
1,46.7,11,3,4,4,74.9,1,6,2,53.3,37.1,5,10,12,2,0
2,50.2,21,8,7,6,78.7,3,11,1,66.7,55.9,0,8,10,1,0
2,51.7,12,5,4,3,90.2,1,2,5,60,66.7,3,10,12,0,0
0,45.9,12,6,4,2,83.5,2,4,1,38.9,29.2,4,6,10,1,0
4,31.7,14,6,4,4,71.2,3,6,1,55.6,43.8,7,9,11,1,0
1,57.6,20,10,6,4,77.3,0,6,2,65,54.1,2,11,16,0,0
2,55.4,22,4,12,6,78.5,2,4,2,60,72.7,1,8,4,1,0
2,61.4,19,5,10,4,90.8,1,7,1,16.7,47.8,1,9,10,1,0
0,34.2,8,1,3,4,77.2,0,6,0,53.8,38.1,6,9,7,1,0
2,70,20,3,10,7,87.6,0,6,1,55,51.4,4,10,8,0,0
0,58.1,11,2,5,4,82.6,0,9,1,64.7,43.3,3,6,15,1,0
0,51.3,10,3,4,3,85.6,0,8,1,71.4,52.2,3,8,14,1,0
2,52.5,13,5,5,3,81.9,3,6,2,60,59.3,2,13,10,2,0
1,70.8,23,9,9,5,84.4,3,10,5,52.6,71.8,2,13,9,0,0
1,33.2,4,2,1,1,64.7,2,2,3,61.5,55,3,12,11,1,0
4,40.8,14,7,6,1,71.7,3,5,2,66.7,52.4,2,9,8,2,0
0,55.8,16,4,7,5,85.5,0,6,0,68.8,68.4,3,11,21,1,0
2,29.8,10,4,5,1,57.9,1,4,1,50,43.6,9,9,14,2,0
1,31.5,7,4,1,2,80.6,2,3,4,33.3,52.9,8,7,9,1,0
1,55.5,17,6,6,5,84.1,2,2,3,63.6,57.5,2,11,9,4,0
0,68.5,17,4,8,5,86.9,3,12,1,40,61.5,2,7,13,0,0
1,40.9,8,1,3,4,81.7,0,3,1,73.7,52,3,10,13,3,0
0,27.3,4,1,3,0,63.5,0,3,0,70,39.3,4,12,13,2,0
1,38.3,10,5,3,2,74.4,1,5,0,51.7,43.3,1,14,10,1,0
2,72,13,3,7,3,91.8,2,11,2,40,50,2,7,11,1,1
0,35.6,11,2,4,5,76.3,0,3,0,48,58.3,4,9,8,0,1
1,38.1,17,7,6,4,77.6,1,8,4,66.7,47.6,4,15,6,1,0
1,30.5,3,1,0,2,74.1,0,1,0,66.7,47.2,4,11,9,3,0
1,30.3,10,3,4,3,73.5,2,3,4,40,56.7,5,12,9,2,0
2,65.4,16,6,4,6,84.7,3,8,0,63.6,42.9,4,7,8,0,1
0,52.5,8,2,2,4,86.9,1,3,2,57.9,42.3,3,15,8,2,0
2,47.2,12,3,4,5,75.3,0,3,0,52.6,50,5,8,8,1,0
0,60.5,14,4,10,0,76.9,0,10,2,64.3,48.8,3,11,12,1,0
0,44.8,8,1,6,1,77.8,0,3,1,85.7,59.3,3,7,12,2,0
2,42.9,10,5,2,3,66.7,2,3,2,50,53.8,4,12,11,0,0
2,63.7,15,5,5,5,83.8,0,9,1,61.5,63,1,13,7,3,0
3,53.2,12,7,2,3,83.9,2,5,1,57.9,70.8,2,15,11,5,0
3,54.9,14,5,3,6,89.1,2,4,3,58.3,60.9,2,6,9,1,0
2,28.9,2,2,0,0,68.7,0,3,3,37.5,47.8,6,15,12,1,1
1,33.7,9,5,4,0,68.2,1,0,2,27.8,47.5,8,11,15,4,0
4,64.3,23,10,6,7,89.4,5,8,2,70,38.6,0,12,6,0,0
1,50.4,7,3,4,0,83.2,0,4,1,42.1,40,3,8,11,0,0
1,52.5,13,6,4,3,83,1,4,1,76.5,37,6,10,10,0,0
3,33.9,9,6,3,0,74.2,3,2,1,72.7,56.8,3,9,9,4,0
2,46.6,7,5,2,0,69,1,7,1,77.8,40.9,5,10,10,0,0
2,58.7,11,5,4,2,81.7,2,3,3,57.1,57.5,4,14,13,2,0
1,47.5,15,7,5,3,75,0,4,2,56.5,50,1,20,13,2,0
1,42.3,5,3,0,2,77.1,2,6,2,40,28,5,7,13,2,0
5,33.8,14,7,4,3,74.7,2,3,4,63.2,50,5,6,11,1,0
1,45.9,9,1,4,4,75.1,0,7,1,52.9,58.1,7,13,12,2,0
2,56.2,11,4,6,1,87.9,3,1,1,50,45.8,2,12,13,3,0
3,64.2,16,7,6,3,86.5,5,2,3,61.1,59.4,2,10,10,1,0
3,63,16,7,4,5,86.6,1,5,0,60,58.5,2,8,15,1,0
2,49.9,9,3,3,3,79.1,1,8,1,66.7,51.4,1,13,18,2,0
0,34.7,3,1,2,0,79.6,0,1,1,54.5,56.5,3,5,12,1,0
2,48.8,13,4,7,2,69,1,7,4,64,40.6,5,12,13,2,0
1,47.3,12,4,5,3,75.8,1,2,1,64.3,44.2,5,10,16,1,0
2,40.6,8,6,0,2,67.8,2,5,1,32,54.5,3,10,11,0,0
0,28.3,1,0,1,0,71.1,0,1,0,50,50,5,9,10,2,0
1,47.4,6,3,2,1,82.4,0,3,1,72.2,67.6,1,14,12,2,1
0,38.2,7,0,3,4,81.5,0,3,2,53.8,64.3,4,2,12,0,0
0,62.3,15,8,2,5,83.7,0,5,3,70.6,58.8,4,6,16,0,0
0,56.2,12,1,6,5,77.4,0,2,1,73.7,50,3,15,15,1,0
2,34.1,14,5,6,3,68.7,0,4,1,66.7,50,3,6,8,4,0
3,53.9,8,7,1,0,84.9,2,2,3,50,44.4,0,13,13,0,0
1,51,15,6,4,5,76.2,1,2,4,50,56,3,10,9,3,0
2,41.7,11,6,3,2,83.4,0,5,4,68.2,54.5,5,4,6,0,0
0,34.5,7,1,4,2,80.8,0,3,0,50,44.4,8,12,10,3,0
0,65.2,17,2,10,5,83.3,2,6,1,52.6,51.6,3,9,9,1,0
0,47.2,9,5,2,2,67.4,0,7,1,52.9,43.5,3,10,11,0,0
1,36.9,10,3,5,2,77.5,0,4,1,33.3,48.5,3,8,10,3,0
2,34.1,8,6,0,2,78.3,1,2,1,61.5,23.1,6,12,9,3,0
1,35.8,5,1,3,1,75.6,1,5,4,72.2,53.7,1,17,8,3,0
1,58.8,15,3,6,6,82,2,4,2,50,50,4,12,4,1,0
2,49.5,15,7,4,4,75.4,2,3,2,68.8,40.5,2,11,17,3,0
0,50.8,10,2,6,2,82.5,2,3,0,58.3,48.4,1,13,12,0,0
2,63.4,8,4,4,0,84.4,2,6,1,52.2,59.1,1,8,10,1,0
1,40.4,9,2,5,2,72.5,3,1,2,47.6,52,3,9,12,1,0
1,51.9,11,3,2,6,81,1,3,2,55,63.9,3,7,7,1,0
1,45.8,11,5,5,1,85.4,1,2,4,73.7,47.4,1,8,9,0,0
1,61.1,16,4,6,6,82.1,2,8,2,88.9,42.6,6,12,5,2,0
0,71.8,16,4,5,7,84.4,3,7,1,77.8,55.9,1,6,13,0,0
0,63,11,1,6,4,86.3,0,6,2,66.7,56.3,2,13,4,0,0
1,27.9,6,1,2,3,83.2,0,2,1,58.8,38.1,7,5,8,1,0
0,53.4,9,1,4,4,77.5,1,10,0,53.8,26.9,0,9,13,2,0
0,59.6,16,4,10,2,83,1,3,0,55.6,46.3,1,14,10,1,0
3,55.8,12,4,4,4,82.6,0,7,1,88.9,48.1,2,3,14,1,0
0,41.7,10,3,4,3,77.9,1,4,0,45.5,52.9,3,10,6,0,0
0,42.5,11,4,2,5,82.2,0,4,3,35.7,50,6,12,11,2,0
2,60.7,16,8,4,4,83.5,4,3,1,66.7,44.4,3,9,9,0,0
1,36.8,9,3,4,2,80.7,3,2,1,69.2,43.5,1,11,6,1,0
0,70.1,15,6,7,2,81.9,1,4,0,47.6,40,1,13,8,0,0
1,30.8,9,4,3,2,60.4,1,5,0,81.3,56.8,3,14,13,2,0
1,52.4,14,4,7,3,80.1,2,5,0,21.4,61.8,5,13,10,0,0
0,53.3,13,5,6,2,74.8,1,4,2,50,63.2,4,13,11,2,0
2,25.5,3,2,1,0,66.4,0,0,1,63.6,54.8,4,6,10,0,0
1,69.2,20,4,13,3,82.8,0,7,0,43.8,46.5,2,7,11,3,0
2,50.1,16,7,2,7,83.1,0,8,1,81.3,48.8,1,12,10,1,0
1,55,15,3,6,6,88.6,2,3,3,60,40.9,1,9,11,2,0
1,28.4,10,6,3,1,68.9,0,4,1,56.3,33.3,4,11,9,2,0
1,70.9,9,3,4,2,85.3,1,6,4,50,69.7,0,10,9,1,0
0,37.9,10,3,6,1,59.9,3,5,3,62.5,56,1,10,15,0,1
2,28.6,9,6,3,0,68.1,2,2,2,57.1,53.3,6,10,10,1,0
0,34.9,4,2,2,0,65.1,2,4,3,50,50.9,4,14,10,2,0
0,59,18,7,5,6,80.2,3,9,1,61.1,61.3,5,8,11,0,0
1,54,8,3,4,1,73.2,0,5,0,64.3,55,2,13,7,1,0
3,70.4,16,7,4,5,90.2,1,10,0,54.5,46.7,1,8,8,1,0
0,54.1,8,5,2,1,85.4,2,7,1,72.2,50,6,12,11,2,0
0,34.4,10,4,4,2,77.9,0,5,2,43.8,35.5,3,13,8,0,0
2,48.9,10,4,3,3,75.4,0,6,1,22.2,51.4,2,9,8,2,0
1,73.1,10,7,0,3,86.1,0,5,3,70,58.8,2,10,12,0,0
2,54.1,9,5,2,2,79.1,1,5,0,90,53.8,1,17,8,2,0
2,50.3,12,3,6,3,85.5,1,4,2,40,37.5,2,16,7,1,0
1,62,15,4,3,8,82.9,2,12,1,43.5,52.2,3,6,6,2,0
3,46.7,16,4,6,6,72.8,2,4,1,52.9,56,3,14,15,0,0
0,39.6,7,3,2,2,85.7,0,2,0,39.1,50,3,13,12,3,0
0,41.8,4,1,1,2,75.5,0,2,3,50,34.5,9,12,14,3,0
0,31.8,8,3,2,3,76.8,0,3,1,45.5,48.1,5,8,7,2,0
0,34.4,4,1,3,0,71.9,1,0,4,58.3,64.1,4,12,16,2,0
0,56.1,13,3,5,5,86.9,1,2,1,63.2,45,1,15,10,3,0
4,44.1,8,5,3,0,85.5,3,1,2,70,41.2,2,8,13,1,0
2,68.9,9,3,4,2,86.5,2,8,2,47.1,58.8,3,8,8,0,0
0,66.4,14,3,6,5,87.4,0,7,0,58.3,44.2,7,12,11,2,0
1,45.5,10,2,6,2,75.7,0,7,0,42.9,41.5,6,10,8,0,0
2,73.8,14,5,5,4,84.3,1,7,5,58.8,42.4,1,14,11,1,0
0,39.4,8,1,6,1,72.9,1,3,4,66.7,70.3,3,10,10,3,1
3,38,6,3,3,0,81.1,1,1,4,62.5,50,2,10,14,1,0
1,58,18,2,7,9,88.9,2,7,2,60,57.6,2,14,20,3,0
2,74.3,13,6,1,6,91.8,2,3,2,87.5,54.8,0,5,8,1,0
2,42.5,9,5,2,2,76.7,2,2,3,66.7,48.4,1,10,16,1,0
2,36.8,10,6,4,0,75.5,3,1,1,53.8,68.6,6,12,12,3,0
3,43.6,20,10,4,6,77.4,2,3,1,50,48.1,1,15,10,1,0
1,36.6,13,4,7,2,74.8,1,3,3,23.1,66.7,1,6,12,0,0
1,31.7,8,4,2,2,64.9,1,2,3,61.1,52.6,4,9,11,1,0
1,45.4,9,3,1,5,89.1,1,6,3,53.8,52.2,5,8,10,2,2
0,25.4,3,1,2,0,65.1,1,3,2,50,40,6,6,10,3,2
2,38.7,6,3,2,1,76.1,1,1,2,42.9,39.5,4,11,13,3,0
0,28.9,1,0,1,0,65.2,1,2,2,40,62.9,7,9,7,1,0
3,49.2,8,7,0,1,72.2,4,4,2,59.3,35.3,7,16,17,3,0
3,67.2,14,5,6,3,89.2,3,5,1,61.5,50,1,8,6,0,0
0,56.8,8,4,1,3,81.8,0,2,1,46.2,61.1,2,11,11,1,0
2,39.1,13,3,5,5,75.1,4,12,0,57.1,36.4,3,6,13,4,0
0,52.7,6,4,1,1,88,1,6,1,60,47.1,1,10,6,2,0
0,25,4,1,2,1,75.5,0,0,1,46.7,50,4,10,7,3,0
2,62.5,12,7,3,2,80.8,3,3,1,62.5,64.3,1,10,9,0,0
0,56.7,14,3,8,3,85.9,2,7,2,40,54.5,3,16,9,3,0
1,40.2,8,4,3,1,74.1,1,1,5,56.5,60.7,4,11,11,0,0
3,50.2,14,7,6,1,85.9,3,2,2,80,47.8,1,11,7,2,0
2,61.8,18,10,5,3,77.7,4,4,2,33.3,47.9,2,7,16,0,0
0,21.1,4,0,4,0,71.4,0,1,0,80,50,5,7,14,1,0
0,50.5,10,3,5,2,73.8,0,0,0,58.3,48.1,5,14,10,1,0
1,65,19,6,3,10,86.2,0,11,1,63.2,55.9,1,10,12,1,0
2,24.2,5,3,1,1,68.9,1,2,5,60,17.9,3,12,10,1,0
3,45.8,17,7,6,4,75.4,5,4,2,61.1,32.6,1,8,9,0,0
2,57.7,9,2,4,3,73.3,0,5,0,46.7,51.9,4,15,9,3,0
3,42,9,5,4,0,77.3,4,5,2,53.3,52.4,4,6,11,2,0
5,77.7,18,7,4,7,91.2,1,8,1,62.5,73,1,8,8,0,0
0,40.8,7,1,4,2,78,0,4,2,50,46.7,3,18,9,3,0
1,28.2,6,4,2,0,66.8,0,0,6,60,58.3,6,8,10,1,0
0,30.9,11,4,4,3,72.6,0,2,1,42.9,34.4,7,9,10,2,0
1,41,6,2,4,0,72.3,1,1,0,57.9,42.1,4,10,9,1,0
0,64.4,9,5,3,1,87.9,0,3,3,68,43.5,4,16,7,3,0
0,33.6,4,1,2,1,74.9,0,2,1,36.4,64,3,8,9,0,0
3,58,14,5,4,5,82.9,2,7,1,47.1,39.5,4,4,13,0,0
0,34.3,8,4,1,3,73.3,1,3,8,50,72.2,3,6,15,1,0
0,27.8,2,0,1,1,72.2,0,1,0,60,46.2,2,8,8,0,0
3,32.2,12,5,5,2,67,1,0,2,52.6,41.5,4,14,8,1,0
1,33.4,7,2,3,2,69.2,1,2,0,30,50,2,9,8,1,0
0,55.2,10,2,3,5,73.8,0,4,1,46.2,45.6,2,9,11,1,0
1,69.8,21,6,7,8,88.2,2,12,3,52.9,38.9,2,10,11,3,0
0,52.4,8,3,5,0,76.1,0,5,1,66.7,40,2,11,9,2,0
0,32.8,12,2,6,4,76,0,3,1,50,45.2,4,11,11,1,0
0,34.9,5,1,3,1,77.6,0,4,2,71.4,38.5,5,12,4,2,0
1,47.6,15,4,5,6,80.5,1,5,2,53.8,55.8,5,15,13,2,0
0,33.8,7,3,3,1,68.2,1,2,2,53.3,47.5,3,12,13,3,1
1,62.7,13,7,2,4,83.9,1,4,2,66.7,64.7,0,13,14,2,0
2,47.2,5,3,1,1,88.8,1,5,1,63.6,66.7,2,11,6,2,0
0,67.1,17,1,11,5,80.4,1,10,1,12.5,60,1,12,3,3,0
2,56.7,9,3,5,1,80.5,1,6,3,35.7,44.2,1,11,10,2,0
3,45.4,18,6,8,4,88.1,5,3,0,55.6,66.7,1,10,11,1,0
0,63.3,18,5,9,4,84.8,1,5,1,60,36.4,4,13,15,1,0
0,55.6,7,2,1,4,80.6,0,6,3,59.1,52.1,2,18,8,3,0
3,45.5,11,4,4,3,82.9,1,8,0,61.5,32.1,1,8,13,1,0
4,61.9,21,12,7,2,82.7,4,5,2,78.6,35.7,3,4,7,2,0
1,40,11,5,5,1,76,2,4,0,62.5,51.2,2,7,9,0,0
1,51.6,15,5,6,4,79.6,2,10,1,72.2,40.5,7,10,22,0,0
0,73.1,11,4,4,3,86.4,3,12,4,60,57.4,2,13,9,3,0
1,50.3,11,3,6,2,85.7,1,4,0,50,33.3,2,4,11,0,0
0,62.9,7,3,2,2,81.1,1,5,2,69.2,41.5,2,17,12,2,0
0,37.4,8,3,3,2,70.9,0,3,3,46.7,75,4,15,16,1,0
5,75.6,14,6,3,5,89.1,2,10,1,38.5,59.1,1,10,6,1,0
0,41.8,9,5,2,2,81.3,0,2,2,43.8,40.9,2,7,11,1,0
1,66.9,17,3,10,4,81.4,1,5,2,72.7,47.7,0,7,9,1,0
1,36.6,10,2,5,3,72,1,4,1,42.1,55.9,4,3,16,1,0
0,47.7,14,6,4,4,71.7,2,12,3,41.7,50,3,13,8,3,0
2,56.4,13,4,4,5,81.4,0,4,1,63.6,41,2,8,5,0,0
1,21.6,5,3,1,1,56.8,2,3,5,66.7,33.3,1,5,8,1,0
1,45.2,6,3,2,1,78.8,0,2,0,50,47.5,5,13,20,1,0
2,45.6,9,4,4,1,80,5,0,4,55,45.5,1,17,10,1,0
0,61.4,13,6,6,1,81.7,0,4,2,58.3,40,7,16,17,4,0
0,53.3,3,2,1,0,72.2,0,3,4,50,42.9,1,12,13,0,0
1,61,19,3,11,5,84.6,2,9,0,30,69.2,4,10,13,1,0
0,24.9,7,2,3,2,75.7,0,3,3,36.4,60,4,12,5,2,0
1,56.2,7,3,3,1,79.1,1,3,2,76.9,61.2,1,10,11,4,0
1,63.6,15,3,5,7,82.9,0,7,2,45.5,40,2,15,11,1,0
0,46.3,6,0,4,2,77.4,0,4,4,80,51,4,6,11,0,0
1,26.5,5,3,2,0,64,1,2,2,75,54,3,11,9,5,1
2,43.6,17,4,6,7,79.1,0,3,4,73.7,44.4,3,14,15,2,0
2,58.5,17,4,6,7,83.3,2,13,4,56.3,51.4,8,6,5,0,0
3,67.3,19,10,6,3,85.6,2,7,4,63.6,60.4,1,8,14,2,0
7,64.7,14,8,4,2,87.3,5,4,0,68.4,41.7,3,11,5,0,0
1,51.7,11,5,4,2,85.2,1,6,2,50,60.9,3,11,8,2,0
1,57.8,13,2,7,4,88.7,0,3,0,66.7,41.7,1,9,9,3,0
1,50.5,11,4,4,3,82.1,2,9,0,57.1,42.1,4,17,7,3,1
0,40.9,6,4,2,0,60.8,0,1,2,52.6,47.2,6,19,16,1,0
3,59.3,14,8,4,2,83.1,1,3,4,62.5,51.3,4,8,17,2,0
1,64.8,13,3,8,2,85.9,2,7,1,72.7,37.9,4,13,11,3,0
2,31.3,10,4,5,1,65.9,2,4,2,37.5,51.4,5,13,10,1,0
2,39,11,6,1,4,77,0,6,2,53.8,57.1,2,9,12,3,0
0,53.6,9,4,4,1,72.3,2,8,2,31.3,53.6,4,11,14,0,0
1,24.2,8,2,6,0,61.4,3,4,0,53.8,44.1,9,9,7,2,0
1,48.1,8,2,4,2,77.5,2,3,0,87,47.4,1,12,8,1,1
1,54.9,13,3,6,4,85.8,1,6,0,42.9,30.8,2,12,12,2,0
1,22.8,5,1,4,0,59.4,0,2,2,61.5,44.1,7,8,5,3,0
0,31.8,3,0,3,0,69.1,0,4,0,64.7,40.5,3,14,8,1,0
1,57.1,14,6,5,3,79.9,1,7,0,65,31.3,4,11,14,1,0
1,75.1,12,6,2,4,86.8,2,8,2,57.1,38.7,4,5,7,1,0
1,35.3,10,2,5,3,71.7,1,4,3,58.3,71.4,6,11,5,1,0
0,45.9,12,4,4,4,81.8,1,5,1,56,40,3,10,8,1,0
1,49.5,13,2,6,5,76.4,0,8,2,37.5,54.2,7,15,21,5,1
1,54.6,13,3,4,6,81,0,3,2,61.1,48.6,4,12,9,3,0
0,53.9,9,2,3,4,86.7,3,3,2,66.7,44.4,2,6,12,1,0
0,72,10,3,4,3,84.4,0,6,1,52.9,47.6,3,11,9,3,0
2,36,19,8,8,3,69,3,6,0,58.3,61.5,6,10,12,2,0
2,52.3,10,3,4,3,76,1,3,3,66.7,62.9,3,12,12,3,0
5,49.9,18,7,5,6,88.3,1,6,3,42.9,37.9,3,16,10,2,0
2,70.3,13,4,4,5,85.4,1,5,4,66.7,45.2,0,6,13,3,0
0,69.8,11,2,7,2,86.7,0,9,0,73.3,50,1,12,15,2,0
0,39.4,9,3,5,1,84.6,0,6,3,31.6,56.3,3,14,8,1,0
1,58.6,13,6,3,4,82.6,4,5,3,78.9,55,2,9,6,0,0
0,31.1,6,1,4,1,78.1,0,3,1,70.6,52.9,4,6,7,0,0
3,60.7,15,6,6,3,86.2,3,4,3,66.7,53.3,5,10,9,0,0
1,53.9,8,3,4,1,81.4,1,4,4,60.7,45,7,9,12,2,0
2,32,10,5,3,2,71,3,5,0,50,52.4,2,21,9,2,0
1,65.1,16,6,7,3,82.7,2,7,3,66.7,54.2,0,7,18,1,0
3,50.1,15,6,5,4,80.3,4,9,0,47.4,56.7,3,12,11,0,0
0,39.7,5,1,3,1,80.8,0,3,1,20,51.9,3,9,19,2,0
2,43.8,11,5,2,4,80.2,1,4,0,33.3,48.4,1,13,12,4,0
1,59.6,6,2,1,3,81.4,0,3,2,69.2,58.1,2,13,8,1,0
0,31.4,9,1,6,2,73,0,4,2,64.3,42.4,1,4,12,0,0
1,58.2,23,6,11,6,83.6,5,2,6,42.1,44.8,8,14,8,2,0
0,51.3,21,5,10,6,80.8,5,9,2,57.1,42.6,5,9,9,3,0
2,42.6,14,7,5,2,73.6,2,3,0,45.8,45.1,3,10,9,2,0
0,53.9,15,5,5,5,76.5,1,7,2,41.7,57.1,3,9,13,0,0
1,54.7,7,2,3,2,81.8,2,4,1,75,45.9,8,14,14,0,0
3,46,9,7,0,2,77.8,3,5,3,68.2,58.1,4,10,13,0,0
1,49.1,15,3,5,7,79.9,2,6,2,66.7,59.6,5,6,7,0,0
0,33.7,9,2,6,1,70.9,1,3,2,50,47.6,4,8,9,0,1
0,43.6,11,4,5,2,78.5,1,3,1,28.6,61.8,9,6,15,2,0
2,71,14,3,6,5,89.8,3,4,2,46.2,55.9,1,12,10,0,0
2,44.6,7,3,3,1,81.3,3,3,0,44.4,52.2,3,18,5,1,1
0,66.1,22,5,6,11,88.8,2,10,2,61.5,57.9,0,19,13,2,0
0,36.9,7,2,4,1,77.9,0,2,1,61.5,21.9,6,17,12,1,0
1,58.8,19,5,6,8,78.1,2,6,1,62.5,35.4,2,12,14,0,0
0,50.4,8,2,5,1,82.2,1,3,1,47.1,63,2,8,11,3,0
1,45.4,10,3,4,3,81.7,0,2,5,69.2,27.3,1,11,18,1,0
3,41.2,15,6,0,9,77.5,2,8,1,42.9,57.7,2,13,11,0,0
3,45.3,13,5,5,3,81.5,4,2,1,30.8,42.4,0,19,12,2,0
1,64.8,9,3,4,2,82.3,1,6,1,60,48.3,3,16,8,2,0
1,29.9,6,3,1,2,69.7,1,7,1,36.4,51.9,6,14,5,2,0
0,47,13,3,4,6,83,1,5,2,58.3,50,6,9,9,2,0
0,41.2,4,1,3,0,75.8,0,3,1,71.4,65.8,3,5,10,0,0
0,39.3,4,2,1,1,75,0,3,1,53.8,44.4,5,11,11,2,0
0,54.3,10,1,4,5,79.1,0,2,4,53.6,51.6,2,11,12,2,0
4,32.5,10,8,1,1,69.9,3,3,0,55,29.2,3,5,9,1,0
4,44.1,9,4,4,1,69.2,1,1,2,57.9,37.5,7,17,11,2,0
1,62.3,15,4,6,5,90.1,0,4,0,54.5,62.5,2,10,8,4,0
1,46.7,7,2,5,0,85.6,0,3,0,75,33.3,3,12,11,3,0
1,56.6,6,2,2,2,80.7,0,5,4,61.5,41.4,2,13,13,1,0
1,64.8,16,8,4,4,87.3,2,5,2,41.7,56.7,1,6,13,0,0
3,63.7,14,9,1,4,87.7,2,4,4,61.5,60.9,0,15,10,0,0
1,27.6,4,3,0,1,69.1,0,2,0,38.9,55.6,4,14,13,1,0
0,54.7,11,2,3,6,90.3,0,6,2,40,35.3,3,4,13,2,1
1,50.3,9,3,5,1,83.6,0,2,1,63.6,43.6,3,7,14,0,0
1,61.7,9,3,2,4,84.2,1,5,2,45.5,50.9,3,7,8,0,0
0,45.7,6,2,1,3,85.5,0,5,1,60,66.7,4,11,10,2,1
1,36.6,5,2,0,3,82.3,0,3,0,43.5,61.9,3,10,10,1,0
1,43.7,6,2,3,1,81.5,2,3,0,54.5,57.7,4,9,13,5,0
1,69.5,14,7,6,1,89.7,1,10,0,50,50,1,6,13,0,0
2,35.8,14,10,3,1,80.9,4,4,2,59.1,35.7,2,11,11,1,0
0,49.8,6,1,2,3,83.2,0,6,0,70.6,42.1,4,6,8,1,0
1,37.8,13,2,7,4,76.1,1,3,0,45.5,60.7,3,15,6,3,0
3,59.2,27,9,13,5,82.5,2,5,0,28.6,43.3,3,17,14,2,0
0,43.2,9,4,4,1,68.2,1,2,0,84.6,46.3,6,17,15,2,0
1,32.3,7,3,1,3,67.9,1,3,2,57.1,70.4,2,12,13,1,0
1,58.5,15,6,5,4,84.4,1,5,0,57.1,44.4,5,9,4,2,0
1,65.7,20,3,9,8,82.5,0,5,2,60,47.4,0,13,12,2,1
3,48.5,13,4,4,5,81.3,0,7,3,50,54.5,3,12,13,5,0
1,49.5,10,4,5,1,76.3,1,7,3,57.1,47.5,5,18,17,3,0
2,58.1,22,8,8,6,83.4,4,5,3,44.4,36.7,3,9,13,2,0
3,46.6,13,6,5,2,75.7,1,2,1,38.5,26.5,2,9,10,1,0
0,41.5,11,3,5,3,84.6,1,6,2,76.9,44.4,4,10,15,1,0
4,63.6,28,14,6,8,86,1,7,2,71.4,52.5,4,12,9,1,0
3,30.5,14,6,5,3,70.3,3,4,2,50,58.5,0,8,10,2,0
0,38.4,5,2,1,2,69.5,0,1,1,61.1,48,6,10,17,1,0
1,35.5,6,2,2,2,79.1,0,4,3,36.4,45.2,3,9,3,1,0
0,52.9,10,2,5,3,87.8,1,2,0,78.6,42.9,4,8,15,1,0
6,62,22,8,6,8,89.9,5,4,0,47.8,23.1,1,10,13,1,0
2,69.8,14,8,1,5,85.2,3,7,1,50,53.6,4,10,7,1,0
0,29.1,4,0,2,2,74.3,0,5,0,70,34.6,2,13,16,0,0
2,56.6,11,3,3,5,85.1,0,10,2,65,30.8,2,14,12,1,0
1,47.9,23,2,14,7,82,0,10,3,45.5,68.4,6,12,11,1,0
1,52.3,7,3,2,2,74.3,0,4,5,38.5,58.9,2,17,13,3,0
3,35,12,5,4,3,70.5,4,3,3,69.6,51.3,2,14,18,3,0
1,34,4,3,1,0,75.7,2,3,5,54.5,66.7,5,7,11,2,0
1,63.7,17,9,5,3,81.3,2,7,1,53.8,52.1,4,4,15,1,0
1,34.2,6,1,2,3,77.4,0,4,1,68.8,58.5,11,9,14,4,0
5,28.3,7,7,0,0,74.9,1,4,3,39.1,60,3,8,12,3,0
0,63.1,11,2,4,5,86.7,0,3,2,58.8,53.7,4,11,7,1,0
3,46.7,7,3,1,3,83.6,1,1,4,66.7,52.4,3,16,17,2,0
2,57.7,10,5,3,2,82.6,2,6,0,50,58.3,0,15,14,1,0
3,75.9,22,10,6,6,89.2,2,9,0,75,58.6,0,16,7,3,0
1,46.6,5,1,2,2,71,1,2,1,66.7,50,2,10,7,0,0
0,28.1,4,1,2,1,59.3,0,4,0,66.7,40.7,1,13,12,1,1
3,65.2,14,9,3,2,87,2,6,3,40.9,54.2,0,8,7,3,0
5,47.5,9,6,1,2,72.3,3,2,6,37.5,66,5,18,14,3,0
3,52.8,13,6,6,1,80.6,1,1,2,37.5,41.7,0,15,15,0,1
2,61.3,18,6,9,3,89.1,1,11,1,50,21.4,3,6,8,0,0
2,32.2,16,5,8,3,68.2,2,4,1,50,62.5,3,13,11,2,0
2,28.7,6,4,1,1,78.6,0,1,1,33.3,53.8,2,11,8,0,1
3,49.7,14,6,5,3,80.8,2,3,0,61.1,52.6,3,18,12,2,0
3,24.2,14,5,6,3,61.3,1,3,2,50,59.3,3,10,12,1,0
1,37.4,14,3,6,5,82,2,5,2,50,48.5,1,13,11,1,0
2,44.9,11,4,5,2,78.5,1,5,0,57.1,47.5,1,7,13,1,0
3,47.7,10,5,2,3,83.2,0,3,3,56.3,56.5,2,13,8,0,0
3,64.2,13,7,3,3,84.6,1,5,3,58.8,36,1,9,11,1,0
1,48.4,15,4,7,4,85.1,1,3,1,47.4,45.5,5,7,14,0,0
3,54.4,13,6,4,3,89.8,1,3,2,41.7,46.7,2,12,12,2,0
0,70.6,9,5,3,1,79,2,3,0,64.3,50,2,11,14,1,0
3,51.2,6,3,1,2,75.6,0,0,5,58.8,46.2,3,6,9,0,0
2,41.7,15,2,7,6,77.8,1,7,4,76.9,59.5,3,7,11,2,0
1,26.3,6,2,3,1,65,2,2,0,38.1,65.2,4,9,8,1,0
2,51.3,14,6,6,2,74.4,1,2,2,60,36.4,4,13,9,1,0
1,50.1,7,2,2,3,81.5,0,6,0,64.3,39.4,4,9,8,1,0
2,48.6,8,6,2,0,71.3,2,2,0,54.5,50,3,9,7,0,0
1,28.3,8,3,2,3,74.4,2,3,2,52,37.5,6,9,8,0,0
0,61.6,10,4,2,4,83.1,1,6,4,58.8,55.6,2,22,12,4,0
1,49.1,7,2,5,0,77.2,0,3,3,76.5,55.6,2,5,9,1,0
1,37.1,7,5,2,0,80.8,3,3,1,33.3,36.4,4,3,5,0,0
2,28.5,4,2,1,1,67.1,1,1,2,52.9,42.9,2,11,5,2,0
5,59.6,19,13,4,2,89.7,6,2,4,62.5,62.5,0,7,13,1,0
2,56.8,7,5,2,0,77.3,1,5,3,65,41.1,3,12,9,3,0
1,28.7,10,5,2,3,68.4,1,6,0,54.5,51.7,8,20,10,1,1
1,32.8,2,1,1,0,79.2,0,0,1,44.4,42.1,6,7,13,1,0
2,70.9,24,5,10,9,89.2,0,9,2,55.6,46.4,1,6,6,0,0
0,49.4,11,2,4,5,77.9,0,8,1,53.3,33.3,3,8,11,3,0
0,31.7,8,1,6,1,73.9,1,2,2,41.2,46.7,6,8,12,2,0
1,51.6,16,4,6,6,84.2,1,5,0,33.3,64.3,3,15,9,3,0
1,49.7,15,6,7,2,73.9,4,1,1,38.5,62.9,3,8,16,2,0
5,59.5,13,7,6,0,85.4,5,3,2,53.8,59.4,4,6,4,1,0
2,78.2,31,8,10,13,91.1,0,9,0,70,51.4,0,5,9,1,0
1,36,11,2,8,1,76.6,3,3,0,58.3,41.7,3,10,5,3,0
3,72.5,18,7,10,1,85.3,2,2,1,21.4,50,3,8,8,3,0
0,42.4,9,5,2,2,85.2,0,2,0,33.3,50,3,15,8,3,1
3,67.9,17,4,10,3,90.8,0,5,3,52.9,54.5,0,14,9,0,0
0,35.1,9,5,4,0,80.5,2,2,0,63.2,25,5,5,10,0,0
0,51.8,16,5,4,7,79.1,0,13,1,68,55.3,0,12,5,2,0
5,66.3,15,5,9,1,91.6,3,2,3,45.5,73.3,2,11,2,1,0
2,60.8,17,6,8,3,83.2,1,3,2,66.7,45.5,3,12,9,0,0
1,36.8,3,2,0,1,78.3,2,2,0,62.5,53.3,7,15,12,2,1
2,34,10,4,3,3,72,1,1,0,69.2,38.7,7,6,11,0,0
4,63.5,13,5,3,5,90.7,1,5,3,41.7,53.3,2,7,5,1,0
0,28.6,7,3,3,1,76.9,3,2,4,47.4,36.4,4,11,6,3,0
0,59.6,19,4,10,5,80,0,7,2,29.4,48.3,2,9,12,1,0
3,51,12,7,2,3,79.8,2,5,2,46.2,51.5,5,11,13,2,0
2,40.7,14,4,9,1,78.3,2,3,1,61.1,40,4,11,7,3,0
0,32.3,6,1,2,3,69.8,0,5,0,62.5,54.8,6,18,11,1,1
0,58,15,5,7,3,84.6,1,6,3,84.6,59.1,1,9,12,2,0
1,35.1,8,3,2,3,74.9,1,5,0,60,44.4,2,8,12,2,0
0,35.9,12,4,5,3,82.2,1,8,2,55.6,40,3,6,4,0,0
0,78.3,17,5,7,5,88.5,1,8,2,33.3,50,3,12,9,5,0
1,60.7,6,2,3,1,86.4,0,3,0,56.3,28,4,8,13,3,0
2,43.4,13,7,4,2,83,1,7,0,56.3,54.5,2,9,6,2,0
1,66.1,24,10,10,4,83.7,2,6,1,40,45.9,2,11,11,3,0
0,54.9,9,3,6,0,81.9,0,3,0,50,47.4,4,8,16,1,0
2,61.7,14,5,3,6,82.4,0,7,4,62.5,40.7,2,11,13,3,0
2,53.5,17,6,5,6,67.9,1,6,0,56.3,43.4,1,9,13,2,0
3,50.8,17,9,4,4,82.7,1,3,1,81.8,42.9,1,4,5,1,0
4,59.1,19,6,6,7,88.7,5,6,1,44.4,57.1,1,3,13,2,0
1,64.8,21,6,9,6,88.5,3,9,3,50,44.4,2,12,9,1,0
0,47.5,9,2,4,3,69.1,0,3,1,58.6,42.2,7,13,12,2,0
2,51.2,18,5,6,7,70.5,0,6,3,30.8,46.7,4,7,12,0,0
0,64.1,10,4,1,5,82.7,0,6,2,57.1,52.2,4,7,6,1,0
0,33.4,6,2,2,2,74.6,0,1,2,71.4,50,4,9,10,0,1
0,17.6,9,1,4,4,54.9,0,1,0,50,45.8,2,8,7,5,0
1,45.1,14,5,6,3,81.8,3,7,2,76.9,75,4,12,8,4,0
0,35.9,11,3,4,4,68.5,0,6,1,80,50,2,16,14,2,0
1,26,5,2,2,1,72.9,1,4,2,63.6,40,4,7,9,0,0
3,54.6,13,7,6,0,83,2,3,0,73.3,52.4,2,10,11,2,0
0,56,9,0,4,5,84.8,0,8,1,72.7,51.6,1,7,8,1,0
0,57,11,3,4,4,82.7,2,10,2,60,42.9,4,7,7,2,0
4,32,14,4,7,3,75.6,0,1,4,45,50,0,6,7,1,0
1,63.3,11,3,1,7,81.9,0,4,1,45.5,47.5,2,17,8,2,0
0,63.7,10,2,6,2,83.2,0,5,3,50,48.8,3,12,12,1,0
0,34.9,2,1,1,0,73.7,0,4,2,50,44,2,7,12,3,0
0,28.4,2,1,0,1,73.4,0,2,2,63.6,45,1,6,3,2,0
1,68.7,8,2,2,4,83.9,0,5,0,77.3,39.4,5,10,10,2,0
1,39,9,1,6,2,72.9,0,4,1,45.5,50,5,11,9,2,0
1,51.4,12,5,5,2,84,0,4,3,58.8,46.9,0,10,13,3,0
2,39.2,15,4,7,4,81.1,3,7,0,55,53.3,6,6,8,0,0
0,75.7,23,6,12,5,88.9,0,8,0,58.3,52.6,2,6,6,1,0
2,49.2,16,5,7,4,73.8,3,5,0,54.5,40.9,3,9,11,1,0
0,52.9,5,1,3,1,84.3,0,6,2,40,46.4,5,6,2,1,0
1,49.2,11,3,3,5,83.4,0,4,0,47.1,52.2,1,12,11,1,0
0,55.1,18,4,9,5,68.7,1,7,3,52.2,50,4,10,12,1,0
2,44.9,6,4,2,0,80.6,3,1,2,66.7,50,2,11,8,4,0
0,67.5,12,4,1,7,81.6,1,7,2,66.7,63.6,2,10,4,2,0
2,35.4,8,3,4,1,71.4,1,2,2,61.9,64,3,19,10,4,0
6,71,24,14,8,2,88.5,4,3,1,65.5,69,1,10,11,0,0
3,51.8,10,5,5,0,63.8,0,8,1,58.7,46.8,1,12,8,0,0
4,48.5,11,5,1,5,87.6,1,3,2,45,37.5,8,14,12,3,0
0,58.9,5,2,2,1,83,0,2,0,50,47.6,3,13,6,1,0
2,49.1,16,4,4,8,63.9,0,6,0,57.9,41.2,1,16,11,2,0
0,68.6,12,3,8,1,86.1,1,2,4,56.3,47.6,2,15,10,2,0
1,44.3,13,2,6,5,82.6,0,4,1,77.8,44.1,4,12,9,2,1
1,39.2,8,1,3,4,85.5,0,3,4,69.2,61.5,1,7,10,3,0
0,26.9,5,2,2,1,63.1,2,3,3,34.8,38.2,1,8,9,1,0
0,37,6,0,3,3,66.3,1,2,1,41.2,54.5,4,11,11,1,0
2,76.7,18,6,9,3,89.1,0,8,0,57.1,39.4,1,6,11,0,0
4,29.4,17,6,5,6,71.9,3,7,0,52.6,59.4,7,7,10,0,0
1,44.2,14,6,4,4,65.3,1,7,0,44.4,36,2,7,14,1,0
1,51.7,15,5,7,3,84.1,3,9,1,41.2,38.5,3,8,15,3,0
1,46.1,11,3,6,2,84.2,1,5,1,60,40,4,6,13,2,0
1,47.2,15,6,3,6,82.3,2,5,3,37.5,53.1,2,10,10,2,0
1,47.3,6,1,5,0,88.8,1,3,0,50,43.8,2,7,7,1,0
1,53,10,3,3,4,86.2,1,5,1,76.9,54.5,1,14,12,3,0
3,52.2,15,6,7,2,80.4,4,5,3,65.4,58.3,6,14,13,5,0
0,61.7,17,6,6,5,77,0,7,1,73.3,53,2,11,12,1,0
2,51.8,17,7,4,6,87.3,2,3,1,72.7,52.4,0,9,11,2,0
2,51.6,9,3,2,4,82.2,1,6,2,50,71.4,2,9,7,1,0
0,73.8,19,4,9,6,86.7,2,6,3,69.2,73.3,1,11,6,1,0
0,27.2,7,2,5,0,62.2,0,2,6,37.5,60,2,17,16,3,0
1,62,14,3,5,6,86.8,0,2,0,66.7,52.2,2,11,12,1,0
1,47.5,12,4,4,4,72.8,2,2,3,75,54.8,5,8,18,1,0
2,37.5,9,5,3,1,66.3,2,3,0,83.3,54.9,5,12,7,2,0
1,52.9,13,7,2,4,84.4,1,7,0,58.8,51.7,2,3,8,0,0
0,54,6,3,1,2,87.6,1,6,0,58.8,57.1,5,10,7,3,0
2,48.2,18,9,6,3,78.1,2,6,1,60,53.8,3,15,11,1,0
0,45.1,7,1,5,1,63.8,1,9,4,60,48.9,1,10,6,1,1
2,56.5,10,3,2,5,89,1,5,2,56.3,50,3,7,7,1,0
3,66.3,15,7,5,3,91.7,3,8,1,66.7,73.3,2,15,8,2,0
2,32.2,8,4,1,3,68.6,2,5,1,33.3,51.3,4,7,5,1,0
0,34.2,9,0,5,4,78.4,0,2,4,53.8,40,2,10,10,2,0
3,49.1,15,9,2,4,83.2,1,5,5,53.3,60,1,11,17,3,0
0,45,6,0,2,4,86.2,0,2,1,50,16.7,3,10,15,0,0
3,57,16,4,9,3,84.4,0,5,0,65,22.5,5,12,5,2,0
1,30.6,5,2,1,2,83.4,0,3,1,43.8,66.7,6,14,9,1,0
0,49,19,4,9,6,80.4,1,10,0,38.1,36.7,3,12,9,2,0
0,61.8,11,1,7,3,84.4,3,7,1,73.3,50,5,8,10,1,0
4,72.6,11,5,0,6,90.1,2,2,1,64.3,50,0,7,12,0,0
1,67.6,15,4,3,8,82.6,2,7,4,54.5,60,2,10,8,1,0
3,40.4,10,6,1,3,69.8,1,5,3,66.7,60,6,18,12,5,0
2,36,12,8,1,3,73.7,0,7,8,57.1,51.9,5,8,12,3,0
0,31.3,13,5,5,3,73.1,2,6,4,50,40,4,7,7,1,0
2,55.2,22,6,6,10,71.8,1,8,3,83.3,45.7,2,13,10,1,0
0,61,14,1,4,9,85.7,1,5,1,69.2,30,3,2,7,0,0
4,50.4,15,11,2,2,88.2,4,6,3,60,44.4,2,11,16,2,0
2,62.7,26,11,10,5,82.9,2,6,0,38.5,48.8,1,7,8,1,0
2,33.5,9,4,2,3,78.9,1,2,0,63.6,47.8,1,11,16,5,0
1,40.8,5,1,2,2,67.3,0,4,2,41.7,67.6,3,16,5,2,0
0,32.7,10,2,5,3,70.4,0,3,2,54.5,32.3,3,7,2,0,0
1,67.4,13,8,3,2,88.3,1,4,2,47.1,70.8,2,14,7,2,0
0,41.9,8,1,3,4,75.8,0,6,1,55.6,42.4,7,9,11,2,0
1,44.5,6,2,4,0,74.4,2,4,2,71.4,52.2,4,9,8,1,0
0,65.9,12,2,7,3,85,0,7,2,40,51.4,3,8,8,0,0
4,54.7,7,5,2,0,84.4,1,4,1,60.9,50,0,9,12,1,0
0,36.3,3,2,1,0,74.1,0,0,6,47.6,10,8,11,5,3,0
4,45.5,15,9,2,4,72.6,4,3,2,52.6,63.6,4,19,13,3,0
1,63.7,17,7,6,4,87.7,1,10,2,63.6,32,1,9,11,4,0
1,53,14,3,5,6,78.7,1,7,1,58.3,41.9,2,7,3,3,0
1,33.6,6,2,1,3,72.4,1,0,2,42.9,60.7,5,5,9,1,0
1,40.4,8,4,3,1,75.2,4,5,0,47.1,51.5,1,7,12,2,0
3,31.1,10,4,2,4,62.7,1,4,3,70.6,52,1,12,11,4,0
1,57.4,9,3,3,3,82.6,1,4,3,47.1,50,0,20,4,3,0
1,30.6,6,1,4,1,71.4,1,4,5,47.4,43.3,4,8,6,1,0
0,44.2,9,0,5,4,70.3,0,4,2,55,35.1,9,9,6,2,0
3,28.8,6,5,1,0,78.6,4,0,3,53.8,40.9,2,7,5,3,0
0,50,10,3,6,1,84.3,3,2,1,41.2,30,5,10,8,1,1
2,41.4,11,7,1,3,75.2,1,3,1,46.7,34.4,7,13,12,1,0
1,47.7,13,4,6,3,80.7,1,4,1,58.8,40,6,13,12,0,0
0,57.4,6,3,2,1,77.4,1,9,0,64.7,40,2,10,10,0,0
0,58.3,7,0,4,3,80.1,0,3,0,55.2,45.2,7,9,8,1,0
2,64.8,11,6,2,3,79.2,2,5,1,52.4,78.4,1,9,16,2,0
4,71.5,22,9,8,5,90.5,4,12,2,60,48,3,8,6,2,0
0,35,5,1,3,1,71,1,6,4,39.1,29.4,9,7,11,0,0
1,41.7,12,2,3,7,76.4,2,4,2,58.8,45.2,4,13,12,3,1
0,24.4,6,2,2,2,59.5,1,3,10,61.5,29.6,5,13,6,0,0
1,71.7,13,5,4,4,85.8,0,6,2,60,65.6,0,16,11,2,0
3,52.3,23,10,10,3,82,4,8,1,42.9,36.2,2,13,7,3,0
3,60.5,16,8,5,3,82.9,1,11,2,66.7,28.6,2,9,10,3,0
1,60.7,11,3,3,5,77.1,1,2,1,47.4,43.4,7,13,13,3,0
0,35.7,6,1,4,1,70.1,0,6,1,70.6,37.3,1,6,1,0,0
1,64.1,22,5,5,12,81.5,0,10,1,73.3,66.7,2,10,10,1,0
0,48.4,11,5,4,2,68.2,1,7,0,68.8,48.9,2,9,16,2,0
0,24.4,10,1,6,3,64.9,0,4,2,44.4,59.5,5,13,8,2,0
3,56.6,14,7,6,1,80.7,1,5,2,85.7,44.4,4,10,11,1,0
1,56.2,14,5,4,5,82.1,3,5,3,68.2,50,4,8,6,1,0
0,35.4,6,3,2,1,78.3,0,3,1,50,38.1,5,14,17,1,0
1,50.4,8,3,4,1,70.6,1,2,1,69.2,50.8,0,16,13,4,0
2,50.5,7,2,3,2,74.4,0,3,4,54.5,35.9,0,7,6,3,0
1,37,15,3,4,8,67.1,1,7,0,50,68.2,4,9,9,2,0
0,43.1,6,1,3,2,74.6,0,3,1,77.8,42.9,2,8,9,1,0
1,74.2,20,5,8,7,90.1,3,11,0,47.6,54.2,2,5,13,0,0
3,31.5,7,2,2,3,58.7,1,1,1,68.8,44.4,3,11,16,1,0
3,51.2,27,10,10,7,88,6,8,0,55,58.3,2,12,5,2,0
3,56.3,13,5,2,6,79.2,4,9,1,63.2,64.6,8,9,6,0,0
1,56.8,15,3,5,7,86.9,0,7,0,50,65.2,1,5,6,2,0
0,31.7,6,1,3,2,62.6,0,0,7,42.9,44.2,10,6,6,1,0
3,52.6,18,5,9,4,72.9,3,3,1,56.5,41.5,3,9,6,2,0
0,44.3,4,1,2,1,84.5,1,1,4,59.1,27.3,5,6,11,2,0
1,48,18,5,6,7,79,2,6,1,57.9,46.6,0,13,13,2,0
1,59.6,12,5,1,6,79.5,0,8,1,72.2,32.3,2,14,11,1,0
1,57.3,13,10,3,0,81,3,10,1,50,59.4,2,14,12,3,0
2,45.4,13,6,4,3,81.6,1,6,1,47.8,46.2,7,13,8,2,0
1,36.7,3,1,1,1,73,1,0,2,64.7,34.5,4,7,10,2,0
1,51.1,5,4,0,1,73.1,1,2,1,40,54.1,3,8,9,1,0
1,48.7,19,6,7,6,81.4,0,8,3,53.8,48,2,8,9,1,0
3,50.1,12,5,3,4,72.2,2,5,1,60,44.2,4,12,4,1,0
1,44.7,8,2,4,2,59.9,1,3,1,57.1,59.6,4,7,11,1,0
2,44.7,10,6,2,2,76.7,2,7,3,41.7,63,4,13,5,2,0
2,71.2,15,2,6,7,88.8,1,5,2,50,76.2,1,5,12,2,0
1,74.2,21,9,6,6,88.8,2,7,3,50,47.8,4,9,6,1,0
3,37.3,10,5,4,1,72.6,1,1,2,58.1,40.6,4,16,4,2,0
1,42.7,10,3,4,3,77.5,2,5,4,42.9,54.3,4,10,5,0,0
1,52.3,18,6,8,4,80.1,0,8,0,60.9,41.2,4,7,12,1,0
1,76.3,12,3,5,4,88.5,1,5,3,36.4,54.5,3,10,12,0,0
0,49.1,12,3,2,7,79.3,0,8,3,50,41.2,3,13,9,2,0
1,65.4,21,11,5,5,84.3,3,7,3,77.8,48.8,1,5,15,2,0
4,57,13,6,3,4,74.7,4,5,1,60,43.2,4,12,12,1,0
0,63.4,21,4,12,5,81.6,2,12,1,66.7,45.9,0,11,8,1,0
1,68.6,13,4,3,6,80.4,3,3,3,58.8,64,7,8,11,3,0
3,28.2,14,8,5,1,86.9,4,4,1,66.7,60,2,9,11,2,0
5,64.8,16,6,4,6,84.3,1,5,2,84.6,69.7,2,7,13,2,0
0,40.3,4,0,2,2,82.8,0,2,0,55.6,37.5,3,9,15,1,1
3,44.2,11,6,2,3,76.7,0,2,1,52.6,52.5,2,9,10,3,0
3,57.9,10,4,3,3,88.8,2,5,2,58.8,53.3,1,11,8,1,0
0,49.6,16,6,6,4,77.3,1,9,3,56.3,42.9,3,10,8,3,0
4,71.9,18,7,8,3,91.1,5,6,2,47.6,40,1,6,8,2,0
0,63.1,8,1,1,6,87.8,1,9,4,56.3,56,1,7,9,2,0
2,56.3,18,6,6,6,81.5,1,4,1,52,40.7,3,11,11,4,1
4,49.1,21,12,3,6,77.8,5,4,1,53.8,64.7,1,7,11,1,0
1,19.9,5,3,1,1,55.7,1,1,2,42.1,43.8,9,11,11,3,0
1,25.8,5,3,2,0,60.1,0,0,1,83.3,36,6,4,9,3,0
1,40.7,8,5,2,1,77.5,2,4,1,52.9,55,2,15,11,0,0
2,40.3,15,4,7,4,64.5,0,6,3,83.3,47.8,4,20,14,4,0
0,43.8,7,1,3,3,81.1,0,2,0,77.8,52.6,6,9,7,0,1
2,49.8,17,6,3,8,83,1,10,0,47.1,46.2,3,9,12,1,0
0,35.8,6,3,2,1,80.8,0,2,0,53.3,33.3,8,9,5,1,0
0,59.9,16,3,8,5,74.3,0,14,1,60,54.7,1,11,12,1,0
0,52.7,12,3,3,6,79.8,0,6,1,61.5,53.3,1,16,9,3,0
1,38.8,12,6,1,5,70.3,1,2,0,64,34.1,3,14,15,2,0
0,29,2,1,1,0,74.5,0,1,0,64.3,50,8,5,10,2,1
0,38.7,11,6,2,3,74.1,0,8,1,33.3,51.2,2,9,5,0,0
2,42.2,12,5,1,6,73.4,1,2,4,47.8,33.3,3,15,9,5,0
0,37.7,4,0,2,2,70.8,0,3,1,42.9,25,4,6,13,2,0
1,52.8,13,5,4,4,81.6,1,6,1,47.6,58.3,5,17,6,1,0
1,36.6,6,2,3,1,58,1,2,0,52.9,59,3,18,12,0,0
1,63.9,10,3,4,3,82.7,1,3,1,21.1,46.7,3,12,8,2,0
2,36.9,9,3,2,4,68.2,2,1,0,38.9,51.4,4,9,11,3,0
0,38.7,8,2,3,3,71.3,2,6,0,65.2,55.3,2,9,16,2,0
0,59.2,10,1,6,3,88.3,1,4,4,66.7,50,4,4,11,2,0
1,58.9,12,5,5,2,80.9,1,6,0,43.8,58.3,2,25,8,1,0
2,63.8,19,7,4,8,86.2,1,9,1,83.3,45.2,1,10,10,3,0
0,52.2,10,1,5,4,71.3,0,3,1,53.3,53.4,3,9,11,1,0
1,55.6,14,4,4,6,69.5,2,2,0,52.4,47.2,3,12,15,2,0
1,67.1,17,5,8,4,84.9,1,8,1,53.3,73.3,1,7,4,2,0
3,77.1,26,13,8,5,91.8,5,11,1,53.3,52.2,3,7,11,0,0
0,53,6,2,3,1,79.8,0,5,0,50,43.2,5,11,13,0,0
2,55.5,17,8,5,4,83.7,1,8,1,60,42.1,7,10,8,0,0
2,55.5,15,6,6,3,74.5,1,4,2,72.7,60.3,5,11,14,3,0
2,50.2,8,4,3,1,72,1,0,5,50,54,6,16,18,3,0
1,65.7,9,3,4,2,85.6,2,5,0,63.2,59.3,4,8,10,1,0
0,34.8,6,1,3,2,66,0,5,3,52.6,48.1,2,7,5,3,0
2,64,17,7,5,5,89.5,1,11,0,81.8,44,2,12,8,0,0
4,68.7,16,7,5,4,81.6,5,11,1,73.3,59.5,1,16,4,3,0
1,68.6,16,6,5,5,87,1,5,3,58.8,68.2,0,11,8,0,0
0,38.1,9,1,4,4,69.6,1,4,0,42.9,42.9,2,15,15,3,0
0,60.3,14,5,4,5,83,1,3,3,73.7,67.6,3,11,8,3,0
2,43.3,17,5,8,4,61.1,2,6,2,64.3,43.4,4,20,5,0,0
1,31.5,5,3,1,1,78.8,0,4,4,81.3,54.2,6,6,7,0,0
1,34.3,3,2,1,0,74.2,0,2,1,71.4,50,5,14,13,5,0
0,34.4,9,5,2,2,79.9,0,4,3,69.2,29.4,4,12,5,3,0
2,36.7,10,3,5,2,79.4,0,3,0,75,48,2,10,11,3,0
0,35.5,7,3,1,3,68.3,1,7,2,37.5,58.8,2,14,7,1,0
0,56.9,5,2,3,0,85.7,0,3,0,33.3,57.9,4,10,11,2,0
0,43.5,11,4,5,2,70.2,1,1,1,50,45.2,4,14,12,3,0
0,22.7,4,1,0,3,69.6,0,1,2,38.9,25,4,7,5,1,0
1,56.8,18,7,7,4,82.5,1,8,1,65,36.4,2,12,11,4,0
3,61.7,16,7,7,2,85,5,5,4,86.7,61.9,3,8,15,1,0
0,63,6,2,0,4,89.3,1,7,0,68.8,64,3,13,7,3,0
3,60.5,18,8,6,4,80.3,2,6,0,33.3,34,6,15,14,3,0
3,47.8,10,4,4,2,67.5,1,2,2,61.9,36.6,6,11,12,2,0
1,63,17,5,4,8,82.9,0,7,1,80,51.1,2,9,8,2,0
1,61.3,9,3,5,1,79.9,3,3,4,61.5,57.1,3,5,7,1,1
0,47.6,8,3,3,2,86.3,0,3,1,58.3,50,4,9,6,1,0
0,37.5,5,3,0,2,81,0,1,8,33.3,50,5,12,15,0,0
0,39.3,7,1,2,4,72.2,1,2,3,66.7,33.3,5,19,6,2,1
0,55.2,8,0,4,4,84.8,1,2,2,62.5,79.2,2,17,13,4,0
1,44.2,9,3,6,0,71.1,0,5,2,54.5,68.2,4,5,12,1,0
2,69.1,16,5,5,6,86.4,2,2,0,66.7,52.8,1,6,9,1,0
2,67.4,16,5,7,4,91.6,1,9,1,50,52.6,1,12,9,2,0
2,35.5,9,5,3,1,67.4,0,2,3,43.8,39.7,6,13,12,3,0
1,30.1,5,2,2,1,69.1,1,2,4,52.9,39.5,4,9,6,4,0
0,40.3,4,2,2,0,74.4,0,6,1,62.5,40.7,4,13,13,1,0
1,34.3,6,1,4,1,79.4,0,5,1,65.2,45,4,10,15,4,0
0,43.6,14,3,7,4,71.6,0,8,2,45.5,54.5,2,12,12,2,0
1,38,14,5,5,4,75.1,1,3,2,57.7,44.2,2,8,10,1,0
2,52.1,13,6,2,5,73,1,0,0,47.6,53.5,2,23,13,4,0
4,57.6,21,8,5,8,83.2,2,6,0,50,39,2,13,7,2,0
2,35.7,9,5,1,3,76.6,1,6,1,42.9,40,8,11,8,0,0
1,59.4,12,5,3,4,76.4,0,2,4,83.3,45.9,2,10,7,1,0
2,41.6,9,6,2,1,77.8,2,3,5,50,50,1,5,7,2,0
2,32.4,8,3,4,1,72.4,1,1,5,61.9,51.9,3,11,11,3,0
3,79.2,19,6,6,7,90.3,2,2,4,33.3,44.7,1,12,13,2,0
1,61.3,12,1,6,5,75.5,2,8,0,66.7,62.5,3,6,16,2,0
3,41.8,10,4,2,4,80.5,2,2,1,70.6,43.3,0,14,12,3,0
2,45.6,10,6,3,1,73.9,1,2,1,50,50,4,7,13,1,0
0,62.3,7,4,2,1,85.2,1,4,0,53.3,57.7,3,4,10,1,0
5,63.2,19,8,5,6,89.1,5,3,0,63.6,39.1,3,8,10,0,0
0,38.2,3,1,1,1,78.7,1,0,0,41.7,37.5,7,16,13,2,1
1,25,6,2,3,1,64.5,0,7,3,61.1,52.9,2,9,13,4,0
5,49.9,20,8,7,5,73.7,6,5,0,54.5,52,2,13,8,3,0
1,37,8,4,2,2,66.2,0,3,1,43.8,50,3,14,15,3,0
2,38.7,9,5,3,1,60.9,1,2,1,50,67.4,2,11,10,3,0
4,52.3,23,14,3,6,86.7,4,6,1,42.9,26.3,4,6,9,3,0
1,46.2,10,4,3,3,79.1,2,4,0,57.1,59.3,6,10,16,5,0
2,46.4,9,6,3,0,84.6,0,4,3,72.7,71.4,4,4,7,1,0
1,61,16,4,4,8,83.9,1,9,2,61.5,39.4,2,3,3,2,0
3,64.5,14,4,3,7,88.1,2,9,1,51.9,34.3,0,4,13,1,0
5,76.2,19,8,6,5,87.1,4,9,2,44.4,34.5,2,10,4,0,0
3,51.7,9,4,3,2,80,3,7,2,57.1,46.2,3,17,8,3,0
2,51.2,18,6,9,3,86.1,1,3,3,57.1,42.1,7,17,5,3,0
0,29.4,7,2,4,1,71.7,2,2,3,76.5,60.7,4,5,10,0,0
0,64.9,11,3,4,4,84,1,4,0,63.2,60,2,14,5,5,0
0,54.7,3,0,2,1,76.8,0,1,2,66.7,41.2,3,14,15,3,0
1,56.1,5,1,3,1,84.8,0,5,4,35,32.7,6,8,13,1,0
2,40,9,5,2,2,68.6,1,3,1,40,44.1,2,11,15,3,0
1,43.7,14,3,5,6,71.1,1,8,1,57.1,51.2,6,14,11,1,0
2,40.1,13,6,3,4,64.3,0,6,1,80,50,4,13,16,3,0
2,51.5,12,3,4,5,83.7,1,4,5,81.8,50,1,12,10,3,0
1,28.2,12,2,6,4,68.3,1,1,2,65,58.1,5,9,10,1,0
0,43.9,10,2,2,6,73,1,5,1,75,35.7,5,3,13,2,0
1,38.4,6,2,3,1,75,1,2,0,37.5,22.2,6,13,11,3,1
0,33.1,5,1,2,2,64.9,0,3,0,50,56,2,16,9,3,0
1,48.1,8,2,3,3,79.6,0,4,1,64.3,56,1,5,15,2,0
0,41.8,8,2,5,1,75.5,0,5,1,62.5,30.4,2,5,8,1,0
1,53.1,8,4,2,2,82.5,2,5,0,65.5,68.2,2,10,11,5,0
1,43,5,3,0,2,73.9,2,5,1,50,51.7,6,8,11,0,0
1,53.4,10,4,5,1,85.2,2,4,4,78.6,42.3,4,13,12,1,0
1,59.1,15,4,5,6,88.1,2,13,4,56.3,33.3,0,10,12,2,0
1,40.4,7,3,3,1,69,2,5,3,33.3,36.7,4,13,9,2,0
0,53.2,10,2,5,3,83.4,1,4,0,41.7,63.6,2,9,11,3,0
2,46.5,20,7,9,4,78.4,2,7,0,60,50,4,6,10,2,0
2,32.9,9,3,4,2,67.5,0,4,4,38.5,47.4,2,8,10,4,0
1,47.8,20,6,8,6,76.4,3,6,1,54.5,58.5,3,12,17,3,0
3,67.3,16,6,6,4,82.9,4,11,4,63.6,47.9,0,7,8,1,0
1,62.9,14,3,5,6,85.8,1,9,2,52.9,37.9,3,10,7,1,0
2,60.1,17,10,4,3,90.1,2,11,0,64.3,42.9,3,8,5,0,0
3,53,20,10,3,7,87,3,11,1,53.3,60,2,15,4,1,0
2,38.1,9,3,5,1,74.7,1,2,2,60,53.8,0,7,10,2,1
1,55,13,3,4,6,80.3,0,3,2,44.4,43.1,3,8,9,1,0
0,40.1,13,2,5,6,76.2,2,5,3,62.5,25,7,11,16,1,0
0,36.1,10,2,2,6,74.9,0,5,0,52.4,40.5,1,12,5,2,0
3,51.3,12,8,3,1,79,5,8,0,54.5,45.5,4,14,9,1,0
0,44.4,11,1,5,5,73.5,1,4,2,45.5,40,1,10,7,1,0
1,64.6,22,9,9,4,85,0,5,1,47.4,39.1,6,11,9,2,0
1,48.3,11,6,3,2,68,3,6,2,70,45.8,3,6,3,1,0
3,55.9,30,9,6,15,86.6,5,11,4,62.5,53.3,4,8,9,1,0
0,37.7,2,1,1,0,73.6,0,2,0,62.5,60,1,15,13,1,1
0,48.1,10,1,3,6,78.4,0,4,0,65,45.7,5,11,9,2,0
1,58.7,4,2,1,1,79.8,0,6,2,68.8,42.3,1,12,9,2,0
1,60.5,25,8,7,10,89.9,2,8,4,50,40,2,11,4,2,0
1,35.9,12,3,6,3,81.9,1,3,3,58.8,46.2,2,2,9,0,0
0,58.2,13,3,3,7,86.5,0,4,2,35.7,48.5,2,12,10,1,1
2,56,14,5,6,3,88.2,4,8,2,68.4,29.4,2,13,13,3,0
0,43.2,18,6,3,9,78.5,1,11,1,75,46.7,1,11,11,4,0
1,64.1,12,2,5,5,81.8,1,5,2,58.8,36,2,9,12,3,0
0,42.4,9,2,4,3,81.6,0,3,1,68.8,43.5,7,14,8,3,0
1,55.9,10,3,5,2,86.6,1,7,4,62.5,42.3,5,9,7,4,0
0,19.6,1,0,1,0,67.6,0,0,3,66.7,40.9,5,7,5,2,1
1,53.5,9,2,2,5,76.8,2,2,2,75,48.8,4,14,14,3,0
2,34.4,14,5,4,5,77.1,0,5,0,58.8,52.9,3,9,7,2,0
2,63.7,22,6,7,9,85.9,2,4,0,66.7,46.7,2,6,10,3,0
2,55.7,9,3,5,1,77.3,1,9,2,70.6,51.9,3,9,7,1,0
2,54.3,9,2,3,4,82.3,2,3,2,61.5,65.9,2,7,10,0,0
1,34.3,6,3,1,2,72.4,0,3,2,46.2,38.2,6,4,12,2,1
1,48.6,5,1,2,2,84.1,0,0,0,53.8,32.3,3,8,8,1,1
1,63.6,15,4,7,4,79.8,2,7,2,52.6,59.3,3,10,12,3,0
1,42.2,8,6,0,2,79.8,1,4,0,33.3,41.4,6,7,9,4,0
2,65,22,5,6,11,88.9,5,8,0,45.5,62.1,3,4,10,0,0
0,33.5,9,3,5,1,66.2,2,4,7,50,50,6,12,6,0,0
0,52.7,9,1,7,1,77.2,1,4,2,50,51.4,0,18,8,4,0
0,47.3,14,3,7,4,70.7,0,5,2,33.3,44.7,2,9,10,1,0
2,30,17,8,5,4,66.4,1,5,0,62.5,51.5,2,13,6,4,0
0,33.1,1,0,1,0,84.8,0,1,3,61.1,25,0,7,13,0,0
0,43.1,10,1,5,4,82.8,0,2,1,46.2,51.4,1,6,11,0,0
4,53.6,18,9,4,5,85.6,4,6,2,60.9,62.5,1,3,4,0,0
0,65.6,18,4,9,5,85.6,2,11,1,68.8,57.6,1,8,11,1,0
1,51.4,10,3,6,1,78.3,2,4,3,56.5,45,3,9,10,2,0
2,64.1,14,8,4,2,81.9,3,6,0,56.3,43.5,2,7,10,1,0
0,38.3,4,1,2,1,85.8,0,2,1,63.6,68.2,3,11,14,0,0
1,51.9,6,3,1,2,69.2,1,8,0,57.1,43.2,3,15,11,0,0
0,43.7,17,3,7,7,82.6,1,4,4,50,54.5,4,10,6,2,0
2,62.1,11,2,6,3,85.6,0,4,2,84.6,41.5,4,13,18,1,0
3,49.9,19,8,7,4,84.4,4,11,0,50,63.6,3,14,3,1,0
0,64.7,22,4,14,4,85.9,0,5,1,33.3,54.1,1,8,12,0,0
0,49,6,0,4,2,88,0,4,0,44.4,52.2,3,11,8,0,0
1,59.7,8,4,3,1,83.6,3,3,6,15.4,47.8,3,16,15,4,0
0,65.6,17,3,6,8,89.8,1,4,0,35.7,50,3,8,12,0,0
1,35.6,13,4,5,4,83.3,2,3,1,42.9,45.5,5,11,9,0,0
1,34,7,4,2,1,69.9,0,4,2,52.6,41.7,2,13,9,2,0
0,62.2,7,2,3,2,83.9,0,3,1,58.3,46.2,5,12,11,3,0
4,47.9,11,7,3,1,78,3,3,1,46.2,45.5,1,5,7,0,0
1,51.8,16,3,9,4,88.7,1,5,3,58.8,31.3,2,10,8,1,0
1,46.8,10,3,6,1,84,2,4,1,66.7,53.6,6,10,14,2,0
4,69.1,30,8,11,11,86.9,5,9,0,75,45.5,6,10,4,2,0
1,58.9,14,5,5,4,90.4,3,4,0,61.9,66.7,5,6,12,1,0
1,60.4,13,4,6,3,89,3,1,0,33.3,57.1,6,11,14,1,0
0,22.4,1,1,0,0,58.9,0,1,0,47.1,40.6,3,5,9,0,0
1,41.2,12,3,6,3,72.9,0,5,1,60.9,26.1,6,11,6,3,0
1,37,5,1,3,1,79.6,1,3,1,62.5,26.7,5,9,8,5,0
0,35.4,13,6,4,3,86.8,2,2,2,70.6,55.6,1,9,11,2,0
3,38.2,11,4,6,1,77.7,2,2,1,54.5,40.9,6,9,10,1,0
1,58.5,20,5,8,7,85.6,0,6,2,73.1,65,4,7,6,0,0
2,50.5,11,5,3,3,78.4,1,4,2,33.3,48,2,12,13,0,0
1,33.7,6,3,2,1,66.7,2,4,1,51.7,35,4,13,16,5,0
1,46.8,19,4,9,6,75.9,3,7,0,52.6,62.5,4,10,18,1,0
0,81.7,11,3,7,1,89,0,6,1,37.5,75,1,12,9,2,0
1,66.3,8,2,3,3,84.1,1,1,2,71.4,31.8,5,16,17,4,0
3,66.9,16,5,6,5,85.3,3,4,4,66.7,47.8,4,17,11,1,0
0,46.9,4,4,0,0,79,0,5,3,81.8,51.4,7,5,5,0,0
3,63.2,9,4,3,2,91,1,6,0,71.4,50,2,4,10,0,0
3,59.1,12,6,5,1,83.4,2,2,4,60,57.9,2,17,13,2,0
2,63.9,18,5,7,6,80.8,0,6,2,57.1,62.1,2,14,14,2,0
1,51.3,5,2,2,1,85.3,1,3,9,43.8,57.1,2,14,9,3,0
2,23.9,11,2,7,2,60.8,3,5,2,53.6,44.8,4,15,11,1,0
0,40.2,5,0,1,4,80.5,0,2,1,50,57.7,3,12,5,2,0
0,52,5,0,5,0,80.4,0,7,1,87.5,46.7,8,9,9,2,0
2,64.4,9,4,1,4,87.5,2,8,1,50,36.4,1,12,17,0,0
3,42.9,18,9,4,5,76.8,2,7,4,57.1,36,2,15,11,3,0
5,22.3,10,5,1,4,65.2,4,1,1,57.9,54.3,4,13,11,5,0
3,64.1,19,5,9,5,83.4,4,11,1,66.7,40,0,10,16,0,0
2,45.7,10,6,2,2,79.2,2,4,1,78.3,41.4,5,12,16,1,0
0,65.4,19,4,12,3,86.5,1,6,1,50,46.9,3,9,3,2,0
3,66,11,5,5,1,88.2,2,7,0,91.7,50,3,11,8,3,0
1,19.1,4,2,1,1,59.7,0,1,3,50,48,4,16,3,3,0
0,42.5,7,2,3,2,75.4,0,4,0,73.3,36.7,2,14,15,5,0
0,62,16,3,6,7,85.9,2,6,2,70,67.9,1,9,20,3,0
0,46.1,5,1,3,1,74.8,0,3,2,54.5,50,4,10,19,2,0
0,40.4,16,5,6,5,75.6,2,6,2,65,36.8,5,14,9,4,0
0,42.9,9,3,3,3,83.9,1,5,2,53.3,33.3,2,8,10,0,0
0,31.1,6,2,3,1,78,1,3,0,66.7,58.3,4,8,8,1,0
1,45.2,7,4,1,2,84.2,2,2,0,73.3,62.5,6,10,10,2,0
2,44.7,23,8,9,6,72.1,1,9,3,60,52.4,3,12,9,1,0
1,57.9,15,6,7,2,80.4,1,6,1,42.1,65.7,3,14,11,0,0
2,62.6,12,9,3,0,87,1,5,1,71.4,53.1,0,10,8,3,0
0,42.9,7,1,2,4,78.1,0,4,3,46.7,50,5,7,16,0,0
1,36.6,4,3,1,0,69.8,1,2,2,69.6,25,3,10,7,4,0
3,32.4,10,7,3,0,73.7,4,2,5,62.5,25.9,0,6,12,2,0
3,40.1,8,4,3,1,65.6,1,5,1,65.2,42.6,2,17,9,2,0
1,31.1,5,3,1,1,68.2,1,0,1,61.9,51.1,6,13,6,2,0
0,42.8,10,2,5,3,81.4,0,5,0,56.3,10,2,11,14,1,0
4,60.4,15,8,3,4,74.8,1,14,1,50,45,4,6,8,1,0
1,43.5,16,2,4,10,78.4,0,4,2,57.1,54.5,2,11,7,3,0
2,60.1,17,8,5,4,86.3,3,8,3,81.3,47.8,5,7,8,2,0
1,75.2,17,7,6,4,86.5,2,7,2,64.3,52.6,3,8,7,0,0
2,27.1,7,1,5,1,65.8,0,2,2,46.2,44.1,4,13,5,2,0
2,72.6,20,4,9,7,87.4,3,6,1,55,63.6,1,8,5,0,0
1,48.1,8,2,3,3,84.7,0,3,1,40,44.4,5,13,11,1,0
0,58.8,14,4,4,6,81.6,0,11,1,54.5,44.1,2,14,13,4,0
0,48.2,1,0,1,0,81.3,0,2,5,38.1,34.8,2,18,6,2,0
1,59.2,15,3,6,6,73,3,6,6,61.9,52.9,2,15,14,2,0
4,35.4,18,10,4,4,77.7,3,5,3,52.9,51.6,5,8,7,2,0
1,43,11,3,5,3,79.1,1,3,0,64.7,28.6,2,13,7,3,0
1,50.7,10,2,4,4,72.4,0,6,2,50,57.9,3,15,10,4,0
1,57.5,14,2,11,1,78.9,3,4,3,33.3,41.9,4,8,12,2,0
0,43.1,10,5,3,2,67.3,0,1,3,64.3,58.1,2,14,12,1,1
1,58.2,16,3,7,6,81.7,0,7,3,66.7,44.7,5,16,17,3,0
2,18.9,11,5,5,1,52.7,1,3,3,73.3,42.4,2,12,8,1,0
3,25.8,8,6,1,1,64.6,2,2,2,68.2,42.3,2,14,10,5,0
6,73.6,13,7,4,2,89.1,4,2,2,47.6,47.4,2,12,6,1,0
2,71.5,11,5,4,2,87,2,2,1,69.2,45.2,1,8,9,2,0
2,68.2,22,8,9,5,82.9,4,9,3,83.3,53.6,0,9,8,2,0
0,48,8,2,3,3,78.2,1,2,4,61.1,57.9,3,15,13,1,0
2,57.4,26,10,10,6,85.6,1,8,1,54.2,47.1,1,11,11,2,0
3,53.5,21,7,9,5,75.2,2,8,0,64.7,50,6,6,10,2,0
2,41.8,10,2,4,4,75.7,0,2,1,77.3,41.2,4,13,6,1,0
3,42.6,9,6,2,1,76.3,2,1,1,70.6,32.3,6,9,7,3,0
0,49.4,10,3,3,4,80.7,0,2,1,47.8,64.5,7,8,11,1,0
1,29.4,11,4,4,3,80.1,1,2,3,70,68.2,1,8,8,1,0
5,52,16,8,4,4,74.5,5,4,2,72.7,59,7,8,11,1,0
2,41,9,5,2,2,76.6,2,4,2,52.4,48.1,4,11,10,4,0
0,36.2,15,1,6,8,71.3,1,4,2,66.7,50,9,9,10,0,0
0,34.7,6,2,1,3,65.6,0,8,7,64.7,56,1,17,7,4,0
2,59,10,4,4,2,82.6,1,5,2,52.6,46.7,5,15,10,2,0
1,23.4,9,5,4,0,62.2,1,4,2,35.3,61.5,3,12,9,1,0
1,49.2,19,7,2,10,78.7,1,6,2,62.5,52.6,4,13,10,3,0
1,64.8,17,4,5,8,87.1,2,7,1,44.4,66.7,1,15,15,1,0
0,62.4,13,1,4,8,83.6,0,8,1,55.6,64,3,10,14,5,0
4,72.8,13,8,2,3,89.2,3,10,2,77.8,65,0,10,6,2,0
0,35.3,6,1,4,1,76.1,1,3,1,72.2,42.5,2,13,9,2,0
5,58,15,8,5,2,80.7,4,6,0,58.3,61.3,1,12,11,1,0
2,63.3,16,6,9,1,87.1,3,5,0,52.9,53.8,3,5,10,1,0
1,37.6,13,1,4,8,66.9,0,4,3,27.8,39.5,4,13,11,4,0
2,64.1,15,5,5,5,88.2,1,8,1,42.9,62.5,3,14,10,0,0
0,50.4,7,4,0,3,83.6,0,5,3,53.8,55.6,2,17,2,4,0
1,60.7,8,2,5,1,84.2,1,3,3,57.1,53.6,5,14,10,3,1
0,57,9,3,4,2,83.6,0,3,1,57.7,61.3,2,11,10,2,0
0,54.3,6,1,3,2,81.1,0,4,0,66.7,36.4,4,12,8,0,0
1,31.9,4,1,0,3,82.3,0,1,5,66.7,87.5,4,12,9,1,0
1,32.9,7,5,1,1,71.7,0,3,1,57.1,37.5,1,13,11,2,0
1,57.3,10,2,6,2,85.5,0,3,1,57.9,47.8,4,13,14,4,0
3,27.8,7,5,1,1,66.1,2,0,2,43.8,38.5,11,10,15,1,0
1,49,3,2,0,1,77.5,0,1,2,50,53.1,8,16,11,4,0
1,72.4,8,1,3,4,85.1,0,3,0,42.9,48.5,6,13,13,5,0
2,31,5,2,3,0,75.1,1,2,0,58.3,54.2,7,16,14,3,0
1,37.8,9,5,1,3,77.9,1,4,2,55.6,37.9,1,10,8,1,0
0,44.2,10,3,4,3,84,0,6,2,75,56.3,6,13,8,4,0
1,47.1,14,1,6,7,80.1,1,4,3,41.7,48.4,1,11,10,2,0
3,49.6,17,3,9,5,83.8,2,3,1,68.4,58.3,4,8,12,1,0
4,34.1,11,4,5,2,67.7,2,4,0,66.7,40.7,6,9,13,5,0
2,31.1,12,3,4,5,67.1,3,2,1,65,32.1,5,12,8,2,0
2,61.6,15,4,5,6,79.7,2,7,1,73.3,65.8,2,9,16,1,0
0,42.9,11,3,6,2,80.2,2,4,0,73.3,23.1,4,20,13,2,0
2,33.6,11,5,2,4,64.4,3,3,1,55,58.5,0,10,14,2,0
3,55.3,15,7,3,5,86.5,4,8,2,70,40.7,2,9,10,1,0
0,53.3,17,4,4,9,84.5,1,8,2,78.6,31.3,4,9,12,0,0
1,59.2,12,4,4,4,87,3,2,1,66.7,40,4,6,9,0,0
1,57.9,7,4,3,0,81.2,0,3,0,60,47.8,6,10,11,2,0
0,69.3,15,6,8,1,83.4,3,8,4,68.2,45.2,1,9,6,1,0
0,66.7,12,4,6,2,77.4,3,8,1,81.8,56.1,5,12,10,1,0
2,62,15,3,8,4,86.1,2,7,3,54.2,70.6,2,9,12,1,0
3,51.6,12,6,3,3,84.4,2,5,4,58.3,34.5,5,11,9,2,0
1,44.8,9,5,2,2,81.3,1,10,1,87.5,39.3,4,13,12,1,0
1,67.8,14,4,5,5,87.3,2,6,2,50,57.1,0,17,11,2,0
2,63.8,9,5,4,0,82.8,0,3,1,58.3,30.8,3,17,12,3,0
2,42.9,10,3,2,5,66.5,2,3,0,61.9,58.8,2,17,11,5,0
0,40.4,8,4,3,1,71,2,3,4,66.7,57.1,1,14,12,3,0
0,43.7,5,2,1,2,80.7,1,4,1,63.6,43.8,1,13,5,4,0
2,19.9,4,4,0,0,57.6,2,1,0,75,44.1,6,8,6,2,0
0,41.9,3,0,2,1,83.8,0,4,5,59.1,33.3,1,17,14,3,1
0,34.2,3,2,0,1,78.8,0,3,0,45.5,42.9,5,8,5,3,0
0,42.8,11,2,6,3,79.3,0,7,2,65.2,53.3,2,7,11,0,0
0,53.5,21,6,6,9,85.8,2,8,1,60,52.6,4,18,10,1,0
0,65.1,11,0,7,4,79,3,4,2,63.6,68.4,4,11,12,2,0
0,26.9,8,5,2,1,67.5,1,1,2,66.7,57.7,1,12,5,2,0
0,43.2,4,1,2,1,80.1,1,2,3,57.1,57.1,4,14,13,3,0
0,58.8,10,2,5,3,89.3,0,4,2,78.9,39.3,1,10,10,3,0
2,53.5,9,5,4,0,79.2,3,1,0,50,51.4,4,12,12,1,0
0,39.4,8,2,3,3,77.7,0,2,3,55.6,47.8,3,13,14,4,0
1,65.9,10,2,3,5,82.4,1,8,4,54.5,52.9,0,9,13,1,0
0,50.9,8,3,3,2,78.2,0,3,1,60,47.9,1,5,6,0,0
4,66,20,5,8,7,90.1,1,6,2,65.4,47.4,1,9,9,2,0
0,63.8,12,4,5,3,84.5,2,3,1,64.3,50,0,14,10,5,0
1,49.5,8,2,5,1,76.2,1,3,1,73.7,63.3,4,17,12,0,0
0,43.1,19,3,9,7,81.1,2,6,1,53.8,30.4,5,9,9,2,0
0,43,6,1,4,1,74.9,0,7,0,61.1,51.3,4,10,16,1,0
4,66.6,20,5,8,7,85.6,5,9,2,55.6,52,3,4,12,2,0
1,41.3,10,4,3,3,77.8,1,6,2,60,40,4,8,10,2,0
1,34.7,5,2,0,3,73.1,0,2,0,38.5,40.7,7,14,12,5,0
1,38.7,8,5,3,0,75.3,0,2,1,71,48,4,25,16,6,0
0,50,8,0,4,4,69,1,4,0,58.3,52.6,3,6,8,3,0
1,73,23,6,11,6,88,2,10,0,70,43.5,0,6,8,0,0
1,31.4,5,1,1,3,67.7,1,2,0,44.4,55.8,4,10,11,3,0
2,62.6,13,7,4,2,88.1,5,7,0,50,31.3,4,8,2,1,0
3,36.5,9,6,1,2,72.3,4,3,3,70.6,56,0,15,10,4,0
0,40.9,6,1,4,1,78.7,1,3,2,44.4,42.9,4,16,7,3,0
2,67,11,5,4,2,81.6,2,3,3,70,42.9,6,13,10,1,0
1,32.8,6,2,2,2,81.3,0,4,4,42.9,33.3,5,14,12,2,0
1,71.8,12,4,4,4,90.5,1,6,4,81,54.5,1,11,9,1,0
1,30.8,9,2,4,3,66.3,3,4,1,66.7,71.1,6,9,9,2,0
1,74.2,17,7,5,5,89.9,5,6,2,56.5,61.5,0,11,9,1,0
0,50,10,1,7,2,77,1,4,3,80,47.1,1,11,9,1,0
1,51.1,11,4,6,1,82.7,0,5,2,60,72.2,2,9,14,2,0
2,59.1,11,2,2,7,80.5,0,2,3,57.1,32.6,1,14,12,3,1
1,66.8,15,7,5,3,81.8,0,6,5,60,48.5,3,10,8,3,0
2,34.1,8,2,4,2,64.4,1,5,0,66.7,50,5,11,7,3,0
0,69.9,10,4,3,3,74.9,1,2,3,73.7,51.7,1,14,14,2,0
0,64.8,15,5,5,5,87.6,0,6,1,47.4,64,2,14,18,3,0
0,70.5,15,3,7,5,86.5,0,5,0,78.6,41.4,3,8,12,1,0
4,36.8,9,5,4,0,74.8,4,3,8,69.6,45.5,3,10,10,3,0
0,51.7,14,6,4,4,75.6,1,4,2,66.7,55.6,0,9,10,2,0
0,28.2,12,2,7,3,72.3,0,3,1,60,70.8,5,7,14,1,0
1,46.9,10,3,5,2,80.3,2,5,4,56.3,42.1,3,9,9,2,0
0,58.2,22,4,8,10,85.5,1,7,2,70,53.3,3,7,9,1,0
1,37.3,10,1,5,4,69,1,2,2,57.9,42.9,1,13,10,1,0
0,33.1,10,4,3,3,72.2,0,2,0,73.7,48,2,12,15,4,0
1,47.1,10,3,4,3,78.3,1,8,0,52.2,70,5,10,10,3,0
0,41.5,6,0,5,1,64.5,0,3,1,42.9,50,5,18,10,2,0
0,44.7,10,1,5,4,85.6,0,7,0,53.3,39.1,3,10,10,2,0
2,42.8,6,4,0,2,77.5,0,4,4,52.4,59.3,2,9,8,2,0
0,52.5,11,2,6,3,80.9,4,5,1,38.1,60,3,9,16,1,0
1,57.6,20,5,11,4,80,1,6,2,47.6,47.4,2,7,10,2,0
2,63.4,13,4,6,3,88.4,3,6,2,54.5,40,0,9,9,1,0
1,63.5,16,5,8,3,80.6,1,2,0,47.4,37.8,5,9,19,2,0
0,67.8,5,2,1,2,87.7,0,9,2,52.6,51.4,2,6,9,1,0
0,60.8,16,7,7,2,79.1,2,15,1,47.4,52.6,1,7,13,2,0
2,42.1,9,3,4,2,83,1,3,1,56.3,50,2,14,9,2,0
1,60.6,15,4,8,3,81.3,2,3,0,56.3,40.9,4,10,8,2,0
0,37.5,10,5,2,3,74.3,0,7,1,45.8,34,4,17,10,5,0
0,37.7,5,0,4,1,70,0,5,3,58.8,53.8,4,14,5,3,0
2,49.4,14,5,5,4,84.2,2,3,2,61.5,37.1,7,15,16,2,0
1,70.6,5,1,2,2,89.3,1,2,2,16.7,52.6,1,5,15,0,0
0,39.2,6,2,3,1,83.3,2,1,2,63.2,41.7,5,15,9,3,0
2,47.8,13,5,2,6,70.7,1,4,2,66.7,55.3,3,18,6,3,0
0,61.2,6,1,3,2,82.6,2,5,1,58.3,45.8,3,12,11,2,0
0,41.5,16,4,5,7,78,0,3,1,36.4,54.3,3,7,10,2,0
0,50.1,7,2,3,2,77.7,0,3,1,57.9,52.6,2,9,5,1,0
1,46.6,16,4,4,8,69.5,3,11,5,51.9,40.7,3,18,12,2,0
1,52.6,20,10,3,7,81.6,3,7,3,61.1,33.3,1,16,12,3,1
1,52.3,12,3,6,3,89.5,3,2,1,68.4,60,2,9,9,0,0
1,37.5,11,1,9,1,63.6,2,2,0,50,54.5,0,17,14,2,0
2,36.7,15,2,11,2,62.5,0,1,3,47.4,52.1,3,18,11,1,0
1,44.1,10,3,4,3,83.8,0,8,4,58.6,59.1,2,12,5,3,0
4,53.3,14,6,3,5,86.2,2,4,2,63.6,70.4,4,8,10,2,0
0,33.2,8,1,5,2,71.5,2,5,4,69.6,57.1,4,16,10,5,0
4,51.1,19,8,6,5,85.4,2,2,0,66.7,76.5,3,10,8,1,0
1,38.6,11,2,7,2,75.4,2,3,1,61.5,43.5,6,11,12,6,0
0,41.5,7,4,2,1,79.1,1,5,2,33.3,60,3,7,13,3,0
1,73,16,6,3,7,83.3,3,9,4,55.6,51.6,5,8,4,3,0
2,40.7,13,4,4,5,79.7,1,3,0,50,41.2,1,10,15,3,0
1,72.3,7,2,2,3,89.4,1,2,2,56.3,53.8,4,14,16,2,0
1,54.3,16,6,5,5,81.2,1,5,2,29.4,58.8,3,11,11,3,0
2,41.1,15,6,4,5,68.8,2,7,1,56.7,48,2,11,17,1,0
1,37.5,9,3,4,2,65.5,1,4,0,66.7,59.4,1,13,6,1,0
1,26.3,2,1,0,1,77.7,0,1,2,53.8,43.8,2,14,12,4,0
0,41,8,1,3,4,63.6,0,3,0,56.3,44.4,5,19,11,5,0
4,32.2,14,7,3,4,72.6,2,4,0,47.4,40,3,11,6,3,0
2,36.9,9,6,2,1,75,1,1,0,50,45.2,5,5,9,0,0
1,43,7,2,3,2,78.6,3,5,5,35.7,53.3,5,15,8,1,0
3,69,26,9,12,5,87.5,6,5,1,53.8,58.3,0,14,11,3,0
0,39.7,9,4,4,1,81.2,0,8,0,64.7,57.9,3,10,8,0,0
0,34.2,8,3,3,2,71.3,0,9,2,64.7,46.2,5,4,13,1,0
2,60.9,15,8,2,5,81.8,0,5,5,44.4,66.7,3,10,10,1,0
3,63.8,23,11,6,6,85.8,2,8,2,56.3,71.4,0,15,11,0,0
2,41.2,7,4,2,1,75.5,1,2,2,63.2,50,4,22,9,6,0
3,39.9,12,5,4,3,74.2,2,5,1,58.3,63.3,2,6,9,0,0
3,66.4,7,4,2,1,86.8,1,2,1,38.1,54.8,3,10,9,2,0
3,51.9,16,9,6,1,81.7,5,6,3,36.8,57.1,5,12,6,0,0
1,33.5,8,4,4,0,75.5,0,5,0,50,51.6,2,17,13,2,0
2,34.9,8,2,3,3,72,0,4,1,52.2,44.4,1,11,14,7,0
2,47.3,14,9,3,2,79.4,6,3,2,58.3,60.7,6,10,8,1,0
2,25.4,10,8,1,1,56.9,5,2,2,27.3,47.6,5,7,8,2,0
0,64.2,15,3,6,6,85.6,1,5,1,50,43.3,5,8,12,0,0
1,40.1,9,5,3,1,80,3,0,2,50,45,4,8,8,2,0
0,68.5,8,0,7,1,87,0,5,0,54.5,60.9,1,13,11,4,0
3,45.3,12,5,2,5,78.9,4,2,1,52.6,48.1,3,7,8,1,1
2,46.4,9,6,2,1,78.2,1,2,0,47.4,36.4,6,8,9,1,0
0,51.1,5,2,2,1,84.1,0,3,0,65.2,27.3,2,11,13,2,0
2,62.6,14,4,7,3,89.3,1,4,1,50,31,2,6,5,2,0
1,55.7,14,2,9,3,82.1,2,6,0,58.8,43.3,1,13,18,2,0
1,58.2,8,3,2,3,85.3,0,5,3,66.7,50,1,12,3,3,0
4,44.8,7,4,2,1,67.6,2,2,1,60,52.9,4,10,7,0,0
2,58,15,6,2,7,87.1,1,5,0,69.2,45.5,1,7,10,1,0
2,53.4,13,6,3,4,83.6,1,3,2,50,46.2,4,8,10,0,0
3,39.1,9,6,2,1,73,2,3,0,73.3,34.2,0,10,15,2,0
1,29.4,4,2,1,1,79.3,0,0,0,73.3,45.5,3,11,6,4,0
2,52.8,6,2,3,1,76.9,1,3,2,75,46.7,5,11,10,2,0
3,71.4,19,8,7,4,90.2,1,9,1,78.6,65.2,3,11,15,0,0
2,51.6,22,8,7,7,85.4,3,3,1,61.5,24,2,5,8,0,0
0,30.9,5,2,2,1,75.6,0,4,2,56,56.5,4,8,9,1,0
0,47,13,5,2,6,82.8,1,10,2,53.8,46.7,2,10,12,3,0
1,64.3,15,5,6,4,90,0,10,2,57.1,54.2,5,10,5,0,0
3,69.4,23,7,10,6,89.9,2,19,3,43.8,47.8,2,5,9,2,0
1,42.2,13,4,6,3,75.3,0,6,1,35.3,37.9,2,17,9,3,1
1,59,15,7,5,3,86,1,7,0,50,52.2,5,6,16,2,0
0,55.6,14,4,6,4,81.3,3,4,3,65,50,2,12,13,3,0
0,40.5,3,0,0,3,73.9,0,0,3,47.4,38.1,3,11,10,1,0
0,43.5,9,4,3,2,79.7,2,4,5,60,36.4,6,8,10,1,0
2,31,14,6,6,2,63.2,1,5,0,33.3,50,9,3,8,1,0
0,45.6,5,3,2,0,83.1,1,0,0,76.2,51.4,2,11,9,2,0
0,54.9,12,3,5,4,76.1,1,6,1,50,58.3,7,11,14,0,0
3,42.8,11,5,3,3,71.8,5,6,4,56.3,54.8,3,8,12,1,0
1,59.3,12,3,4,5,86.1,3,4,3,56.3,50,2,8,10,1,0
4,39.1,5,4,1,0,72.6,2,2,3,34.8,34.6,5,12,10,1,0
2,47.6,13,5,3,5,81.2,1,7,4,73.3,45.7,3,6,12,2,0
0,75.2,15,7,7,1,86.1,4,11,0,50,50,6,8,13,1,0
0,54.2,9,2,4,3,84.9,0,4,2,60,45.5,3,14,16,4,0
1,51.6,8,2,3,3,84.5,1,3,4,37.5,88.9,1,12,11,3,0
1,52.1,13,6,6,1,77.6,1,4,3,44.4,53.3,1,10,8,4,0
0,39.6,12,6,3,3,77.5,0,7,3,42.9,46.9,5,11,10,2,1
0,53.2,14,2,8,4,78.4,1,9,2,53.3,66.7,0,11,14,1,0
1,46.5,9,3,2,4,81,1,3,0,47.8,37.5,3,13,8,3,0
0,66.3,14,5,3,6,85.2,1,2,0,47.1,47.8,5,7,7,0,0
0,46.2,8,3,4,1,80.8,4,3,0,53.3,38.9,6,8,9,0,0
0,50.2,1,0,1,0,76.2,0,2,3,44.4,35.3,3,12,9,4,0
0,48.1,9,2,5,2,84.3,1,3,0,50,38.9,8,7,7,0,0
0,29.7,3,0,3,0,67.7,0,1,0,61.5,48.4,7,14,10,1,0
1,48.7,10,4,5,1,79.4,2,3,4,51.7,41.4,2,18,13,1,0
2,58.9,8,4,3,1,85.4,2,1,1,66.7,33.3,7,11,12,3,0
1,53,9,4,2,3,83,1,3,0,58.8,43.5,4,11,10,2,0
0,37,9,2,5,2,72.1,0,4,0,30.8,65,2,11,12,1,0
1,60.9,25,4,9,12,80.1,1,14,0,54.5,50,7,3,7,1,0
0,63.2,16,6,4,6,87.7,1,6,0,70,60,1,7,8,1,0
0,46.9,8,1,5,2,82.9,0,2,1,69.2,59.1,6,13,16,2,0
2,31.1,10,6,4,0,69.8,2,6,0,50,48.6,2,11,9,0,0
0,42,10,2,6,2,71.9,0,5,1,37.5,65.4,1,13,16,2,0
0,38.5,4,0,3,1,81.7,0,1,0,66.7,43.5,5,13,12,4,0
0,72.5,21,7,4,10,85.1,2,11,3,60,46.9,0,15,11,1,0
1,60.1,12,2,2,8,86.2,1,4,3,50,30,2,19,12,3,0
1,45.5,10,4,2,4,64.3,1,3,2,44.8,46.4,3,23,13,3,0
1,49.7,8,2,4,2,82.3,0,2,2,50,56.3,5,7,9,3,0
2,56,8,3,2,3,80.9,1,3,6,46.7,43.5,4,11,10,2,0
2,60.3,12,4,5,3,83.7,3,4,4,40,56.7,1,13,7,1,0
1,55.8,9,5,2,2,86.2,1,2,0,68.8,73.1,2,16,7,2,0
0,42.6,8,2,5,1,83.5,1,2,0,69.2,59.1,4,8,8,0,0
0,34.8,5,0,3,2,80.7,0,1,1,47.4,47.6,4,8,3,1,0
1,45.6,6,3,1,2,74.7,0,5,3,70,46.4,2,9,13,1,0
1,41.1,8,3,4,1,81.4,1,2,3,80,47.8,4,14,8,2,0
0,48.4,10,3,5,2,78,3,6,4,69.2,47.8,4,12,11,4,0
3,46.1,12,8,1,3,85.7,0,1,0,35.7,37.5,3,9,3,3,0
0,56.2,19,7,8,4,77.2,3,9,2,68.8,57.9,1,12,23,2,0
1,35.3,7,3,2,2,78.2,1,2,3,62.5,43.8,6,10,10,1,1
0,58,13,4,5,4,83,1,8,2,70,45.5,0,10,11,2,0
2,64,13,3,7,3,88,0,2,0,56.3,55,2,13,10,3,0
4,68.3,19,10,4,5,87.6,4,8,7,66.7,90,0,10,9,0,0
3,46.2,6,6,0,0,78,5,2,0,39.1,42.1,5,13,6,1,0
2,45.8,12,5,4,3,77.6,4,6,1,56.5,59.4,5,10,11,2,0
0,60.9,15,4,7,4,87.2,1,6,1,58.3,36,3,6,7,2,0
3,63.9,13,7,4,2,86,2,3,1,75,27.6,2,10,10,2,0
0,46.4,14,4,3,7,79.6,0,14,1,38.9,52.4,1,11,8,1,0
3,59.2,16,7,5,4,90.5,1,7,1,57.9,73.3,1,9,6,1,0
1,27.6,10,3,5,2,67.3,1,1,1,77.8,44,6,11,10,2,0
2,56.3,19,7,7,5,87.3,1,1,0,75,45.5,5,9,8,2,0
0,47.3,7,1,3,3,73.7,0,3,0,64.3,40.8,2,13,13,1,0
3,59.2,15,7,3,5,82.9,2,10,1,41.7,44.1,1,10,10,4,0
2,46.5,6,4,1,1,82.6,2,1,3,61.5,52.4,7,8,6,1,0
1,60.5,16,3,8,5,83.4,2,5,0,57.1,23.1,3,9,13,3,0
0,60.9,23,8,9,6,81,0,9,2,80,60.9,4,11,7,2,0
2,68.9,17,6,7,4,82.4,3,6,1,70.8,39.3,3,9,8,2,0
1,31.9,6,3,2,1,75.3,2,3,1,64.3,50,1,11,6,2,0
0,48.3,19,9,4,6,77.9,0,5,1,73.9,50,5,12,18,2,0
3,47.3,8,3,2,3,81.2,1,6,1,66.7,50,1,10,13,1,0
1,48.1,9,3,5,1,85.7,0,3,0,61.1,39.3,8,6,9,4,0
0,49.2,12,1,7,4,78.1,1,6,0,60,41.7,1,14,10,2,0
1,72.3,13,4,5,4,88.2,4,4,3,38.5,67.5,0,6,7,0,0
1,46.1,9,2,5,2,78,1,3,2,53.3,47.1,2,15,7,3,0
1,41.1,4,3,1,0,77,0,3,1,37.5,47.6,6,14,10,3,0
0,65.9,17,4,9,4,89.2,2,5,3,42.3,53.8,2,12,10,1,0
0,25.1,8,1,4,3,73.6,2,1,2,57.1,32,3,7,9,1,0
1,61.7,12,3,2,7,89.4,0,4,0,42.9,35.7,3,10,8,5,0
1,28.2,5,2,3,0,63.7,1,0,2,39.1,59.5,4,10,8,2,0
1,51.1,9,3,5,1,80.1,5,6,0,92.9,46.2,3,8,11,2,0
1,60.9,7,4,3,0,83.7,1,3,2,52.2,41.9,2,11,9,1,0
1,67.8,10,4,2,4,82,1,3,3,50,55.2,3,10,15,1,0
1,30.9,7,2,2,3,69.5,3,2,2,46.4,33.3,4,9,7,3,0
1,42.2,7,2,3,2,78.5,0,2,1,46.2,40.9,3,10,10,0,0
1,63.9,21,6,4,11,82.1,0,13,1,66.7,59.3,3,11,10,1,0
2,44.7,18,7,7,4,80.5,1,1,3,53.8,50,1,13,9,1,0
1,51.7,11,6,2,3,74,1,3,1,57.1,57.8,4,14,3,3,0
1,42.2,14,7,2,5,78.4,2,5,2,72.7,44.7,4,8,8,2,0
0,57.2,10,2,3,5,75.6,0,3,1,54.5,41.7,3,14,10,3,0
1,54.9,17,5,7,5,87,4,11,1,58.8,48.6,2,7,9,2,0
0,30.6,5,2,2,1,69.6,0,1,0,60,43.8,4,5,6,1,0
2,25.7,2,2,0,0,74,1,1,1,66.7,33.3,1,8,14,2,0
1,28,11,3,6,2,61.9,0,2,0,45.8,66.7,6,12,6,3,0
1,70.5,17,5,7,5,83.7,1,8,2,84.6,58.8,3,7,10,1,0
0,60.9,14,3,4,7,82,0,6,7,45.5,67.7,3,15,16,1,1
2,50.4,11,2,5,4,81.4,2,4,1,41.2,31,3,7,10,0,0
3,68.7,21,10,4,7,85.7,6,5,1,55.6,55.6,2,7,14,2,0
0,50.1,20,3,8,9,83.6,0,6,0,66.7,64.3,3,8,10,2,0
1,49.2,13,5,6,2,81.3,1,2,1,46.2,59.1,6,14,16,1,0
1,51.7,14,5,6,3,73.4,0,2,1,77.3,60,7,9,4,2,0
2,56.3,13,5,4,4,75.5,3,3,7,41.7,53.5,6,7,11,2,0
2,38,9,3,5,1,71.6,3,5,1,63.2,54.1,0,15,11,3,0
3,58.2,14,6,4,4,89.1,2,4,3,57.1,55.6,1,10,12,1,0
1,27.4,7,3,4,0,69,4,2,2,60.9,64,3,8,7,4,0
0,56.8,19,5,8,6,74.5,0,7,2,37.5,52.6,5,11,9,1,0
2,36.3,10,5,2,3,79.1,4,5,1,48,53.3,1,9,8,0,0
1,42.5,15,4,2,9,77,0,8,3,68.8,46.2,1,7,8,1,0
2,50.1,6,2,3,1,81.1,1,2,3,58.3,42.4,4,9,15,1,0
0,45.5,4,1,2,1,73.2,0,3,4,58.3,47.1,5,6,7,3,0
0,33.3,3,1,1,1,81.6,0,1,1,50,47.1,4,9,9,3,0
2,57.4,13,5,4,4,74,3,5,1,74.1,57.5,2,12,9,3,0
0,40.4,9,3,5,1,71.6,1,3,0,42.1,46.4,1,14,7,3,0
0,66.7,15,4,7,4,84.6,0,2,2,58.3,58.3,3,15,6,4,0
2,44.6,8,3,4,1,84.5,2,6,2,60,51.7,3,5,6,0,0
2,37.1,15,4,6,5,70.2,1,2,1,64.3,45,5,12,7,1,0
2,75.4,14,2,8,4,92.9,3,4,1,66.7,52.4,1,4,8,1,0
2,66.9,11,4,5,2,77.3,3,4,4,81.8,36.1,1,9,7,0,0
0,65.6,15,2,7,6,83.9,0,5,4,80,50,1,16,18,3,0
1,59.9,15,6,6,3,84.8,1,4,1,68.8,43.8,3,9,13,0,0
0,38.6,5,0,3,2,70.4,0,1,0,73.3,57.1,7,14,9,3,0
1,42.5,10,2,5,3,82.2,0,2,0,42.9,45.8,5,6,11,0,0
1,62.7,15,6,3,6,86.6,1,16,2,47.4,64.7,3,11,14,2,0
2,43.7,10,2,4,4,82.2,1,5,2,55.2,58.3,2,11,16,2,0
