HomeGoals,HomePos,hShots,hOnt,hOft,hBlock,hPass,hClear,hCorners,hOff,hTackles,hAerial,hSaves,hFouls,hFoulsW,hYellow,hRed
3,51.1,13,5,4,4,83.3,1,4,1,57.1,37.8,4,9,12,3,0
1,54.2,13,2,8,3,74.9,3,6,3,55,39,2,11,10,3,0
2,62.9,11,3,5,3,82.8,1,3,3,63.3,44.7,1,10,16,2,0
1,47.2,13,2,9,2,79.9,1,7,1,54.5,56.7,1,11,13,3,0
1,70,13,5,5,3,85.7,2,2,0,61.5,48.8,4,11,9,1,0
0,45.8,14,3,7,4,80.9,0,3,2,47.8,47.8,1,12,11,1,1
5,73.1,31,10,12,9,91.6,1,9,0,66.7,56.3,4,7,4,1,0
1,25.3,3,2,1,0,65.5,1,2,3,65.2,46.9,3,11,5,1,0
3,72.1,13,4,3,6,85.8,0,9,2,90.9,44.1,2,9,15,0,0
1,63,10,1,6,3,81.5,0,0,0,53.3,59.5,3,16,13,2,0
1,57.2,11,4,5,2,86.5,1,2,3,66.7,45.8,2,10,9,3,0
5,50,10,7,2,1,81.2,4,6,0,42.1,57.7,2,8,9,1,0
0,23.1,2,0,2,0,66.4,0,0,4,50,58.6,6,14,11,2,0
1,31,8,3,4,1,75.8,1,8,1,56.3,48.4,0,13,19,2,0
0,62.5,11,3,5,3,88,1,9,1,58.3,51.7,1,13,12,4,0
0,50.6,8,0,3,5,78.8,0,7,1,64.7,42.9,1,11,19,1,0
2,53.4,11,5,3,3,81.7,2,5,0,50,55,3,11,14,2,0
0,43,11,3,4,4,60.4,0,12,2,41.2,47.4,6,12,11,2,0
3,29,7,3,1,3,71.9,1,4,4,70.6,38.9,6,15,10,2,0
0,42.3,6,2,2,2,75.4,0,6,1,66.7,44.8,7,9,15,0,2
3,40.6,10,4,2,4,64,1,9,1,76.9,64.5,2,11,11,0,0
1,54.9,9,1,6,2,86,1,5,0,60,52.3,0,15,13,2,0
2,54.4,15,7,3,5,79.2,5,9,3,50,46.2,1,12,10,1,0
0,40.6,13,5,4,4,78.5,0,2,1,42.3,25,3,10,15,1,0
1,67.9,21,6,7,8,82.1,3,8,1,80,42.2,1,6,10,1,0
1,46.7,9,1,4,4,71,1,3,1,50,51.8,4,10,7,0,0
2,72.5,8,4,4,0,88.5,0,3,2,60,42.9,2,10,8,1,0
1,52.8,22,6,10,6,87.5,1,5,0,57.1,58.6,2,6,13,2,0
2,31.1,3,2,1,0,64,1,2,5,42.9,47.2,8,14,9,3,0
1,67.7,22,6,12,4,89.2,3,8,0,87.5,57.1,0,10,9,2,0
2,47.5,8,4,3,1,79.5,2,4,1,53.8,51.7,3,14,14,1,0
3,55.1,14,7,4,3,86.3,4,5,1,66.7,50,2,9,9,0,0
2,44.9,12,9,1,2,73.6,3,5,1,66.7,47.5,5,21,20,2,0
2,37.3,15,9,1,5,81,3,6,2,59.1,58.6,3,16,11,5,0
4,44.1,9,4,3,2,72.2,1,2,4,100,43.9,4,11,10,2,0
0,52.5,11,2,6,3,86.9,0,1,1,31.3,40.7,3,9,6,1,0
2,47.7,17,5,5,7,68.4,1,2,3,75,57.4,3,23,15,1,0
1,70.8,23,9,5,9,85.6,1,12,2,60,51.6,1,7,4,1,0
3,23.7,9,4,3,2,63.3,1,4,1,42.9,55.6,4,8,5,1,0
0,29.8,3,0,3,0,76.4,0,2,6,58.3,50,3,7,1,1,0
0,35.7,9,2,3,4,67.9,1,8,1,73.3,35.6,0,11,14,3,0
1,38.7,11,4,4,3,73,3,3,3,41.7,51.2,3,13,14,3,0
0,33.4,9,1,5,3,76.1,0,3,2,66.7,38.1,3,7,13,2,0
5,73.6,23,9,6,8,93.5,4,8,2,20,73.7,1,13,7,0,0
1,42.8,7,3,3,1,72.5,0,6,3,50,55.1,1,5,5,2,0
0,53.2,21,5,7,9,74.9,2,10,0,84.2,51.5,3,7,7,1,0
1,44.4,12,2,7,3,78.7,4,6,5,58.3,46.4,5,7,15,1,0
2,42,13,4,4,5,77.7,2,7,1,57.9,63.3,3,11,9,1,0
2,43.5,9,4,5,0,73.3,1,4,0,47.6,69.8,2,11,15,2,0
1,37.5,11,7,2,2,69,2,10,4,66.7,48.6,4,10,14,1,1
1,51.6,12,2,6,4,82.6,0,5,2,53.8,35.3,3,14,17,3,0
1,47.4,9,4,5,0,72.8,2,3,2,77.8,43.9,2,8,13,0,0
2,57.4,11,4,5,2,82,2,6,1,59.1,40.8,5,9,11,1,0
2,71.2,6,4,1,1,84.2,1,7,1,57.1,40,3,18,8,1,0
1,26.3,8,4,3,1,70.4,1,2,3,65,44.4,6,6,7,1,0
0,58,12,1,4,7,86.2,0,0,4,71.4,50,1,11,12,2,0
3,52.2,15,4,6,5,84.4,5,3,1,58.6,47.8,1,18,7,2,0
5,69.3,19,10,4,5,88.7,3,8,4,56.3,55.6,1,3,11,0,0
0,51.9,10,1,5,4,85.5,2,3,1,53.8,56.7,2,6,11,2,0
3,70.4,21,9,4,8,90.3,1,5,1,61.5,62.1,3,9,12,0,0
3,32.5,7,5,2,0,67.3,2,1,2,66.7,55.8,1,13,11,2,0
4,47,14,6,6,2,84.1,3,3,3,70,47.6,3,8,7,2,0
4,51.6,13,8,4,1,85.5,2,6,0,66.7,73.1,2,10,10,1,0
1,54.9,12,1,6,5,83.2,1,6,2,50,48.8,3,11,10,2,0
2,34.9,7,2,2,3,73.7,0,3,0,45,60.4,2,13,9,1,0
3,28.8,10,4,2,4,73.3,2,2,2,25,57.1,4,10,9,2,0
0,38,8,2,5,1,81.3,0,4,2,69.2,54.5,3,10,9,0,0
0,58.4,17,4,6,7,81.2,0,9,0,76.9,40.6,3,12,13,1,0
1,47.6,8,0,2,6,68.4,0,5,1,61.5,42.4,4,18,9,3,0
0,48,11,1,8,2,81.6,0,2,0,25,44.7,1,16,13,1,0
1,55.2,9,5,4,0,70.3,2,1,3,72.7,50.6,3,13,15,1,0
0,52.6,12,3,7,2,79.3,0,4,2,58.8,44.8,3,10,14,0,1
2,35.3,15,10,3,2,82.7,2,5,3,46.2,68.8,1,13,2,1,0
3,68.2,15,6,5,4,91,4,10,1,42.9,66.7,1,10,6,1,0
1,52.1,13,3,4,6,76.9,1,6,1,66.7,43.1,1,15,13,2,0
0,46.6,9,1,2,6,79.9,0,6,1,33.3,36.6,4,8,13,0,0
1,55.1,10,2,7,1,83.1,1,6,2,57.1,46.2,0,11,10,3,0
4,73.3,21,7,10,4,89.1,3,6,0,58.8,60.7,0,7,5,0,0
0,66.4,11,2,7,2,86.1,0,6,0,56.3,47.4,2,10,12,2,0
2,64.5,15,4,11,0,86.3,1,9,3,44.4,48.9,2,12,7,2,0
5,71.7,19,7,7,5,91.4,3,3,1,66.7,62.1,0,8,7,1,0
3,46,12,8,2,2,81.7,4,2,3,63.6,47.6,1,9,10,2,0
1,26,8,4,3,1,64.2,2,2,0,37.5,50,3,9,17,2,0
0,29.9,8,3,3,2,67.2,0,1,2,70,43.1,3,15,11,2,0
1,31.7,8,4,3,1,62.6,3,2,0,69.2,51.2,1,15,12,0,0
2,41.3,9,5,2,2,80.3,1,10,0,68.2,38.9,5,13,8,2,0
0,42.2,7,2,2,3,76.2,1,5,0,60,44.2,4,8,7,1,0
0,58.7,12,1,7,4,83.4,0,11,2,55.6,45.2,0,13,15,3,0
0,55,9,1,3,5,71.2,1,9,3,52.6,36.1,6,9,15,1,0
1,38.8,10,3,3,4,74.8,1,7,1,64.3,42.4,6,17,18,0,0
0,45.1,14,6,5,3,78.8,1,12,1,75,45.9,1,11,13,1,0
3,67.1,20,12,5,3,92.3,3,5,1,42.9,75,0,9,7,1,0
4,64.6,15,7,7,1,82.3,2,9,3,54.2,54.5,1,15,11,2,0
4,60.2,17,11,5,1,88.5,3,6,0,53.8,47.2,1,8,8,1,0
2,74.5,14,6,4,4,85.2,3,9,1,57.1,50,2,10,12,0,0
1,68.9,9,2,3,4,85.3,3,6,2,53.8,47.8,6,11,8,1,0
1,44.2,10,3,3,4,71.7,1,8,2,52.4,47.7,3,12,16,4,0
1,41.8,10,4,4,2,74.4,1,10,1,71.4,46.5,4,12,7,0,0
0,38,6,3,1,2,68.8,0,5,0,57.9,57.6,6,14,13,0,1
0,43.1,11,1,7,3,74.9,0,2,0,77.3,50,1,4,7,1,0
1,45,21,8,4,9,74.1,2,4,2,66.7,63,1,16,11,5,0
1,44.1,16,5,6,5,73.7,3,13,3,57.1,51.6,4,11,9,3,0
2,65.5,13,5,2,6,85.7,1,4,0,54.5,53.8,1,12,14,3,0
0,66.5,23,8,9,6,82.5,1,8,1,57.7,63.3,2,8,9,2,0
2,26.9,9,5,3,1,68.4,2,4,1,50,44.2,5,8,5,2,0
0,54,21,4,6,11,67.6,0,11,2,57.9,39.3,1,11,9,4,0
3,33.7,14,7,5,2,59.1,5,4,0,62.5,54.8,1,8,7,1,0
3,29.2,14,5,7,2,66.2,4,3,5,53.8,54.1,1,4,8,0,0
1,42.6,11,6,1,4,75.6,0,6,2,77.3,40.9,4,13,15,1,0
3,69.3,25,7,10,8,84.7,1,16,2,69.6,47.9,2,4,9,0,0
3,58,21,9,9,3,80.2,1,3,1,47.6,45,2,6,14,0,0
3,39.8,19,6,9,4,77.2,3,4,1,43.8,63.2,4,11,6,2,0
3,51.3,9,4,5,0,86.2,2,6,2,69.2,32.1,3,12,12,0,0
2,49.1,17,7,8,2,82.6,1,3,1,57.7,42.9,3,14,13,1,0
3,42.1,16,10,2,4,67.3,4,7,1,59.1,46.2,4,9,6,4,0
1,44.2,18,9,7,2,73.9,2,7,0,59.1,62.9,2,15,10,2,0
1,66.3,13,3,5,5,77.3,3,12,3,66.7,47.8,1,5,5,0,0
2,45.9,28,9,11,8,68.6,3,9,0,70.6,58.2,1,13,17,1,0
0,31.9,10,3,4,3,76.8,1,3,1,71.4,47.1,6,14,10,0,0
2,77.3,20,7,5,8,91.7,3,6,1,63.6,42.1,0,5,6,0,0
0,61.2,17,1,6,10,87.1,1,9,2,50,48.4,1,11,11,4,0
2,54.3,18,4,8,6,76.4,2,12,0,57.1,45.7,7,12,8,2,0
4,68.4,15,7,6,2,91,5,5,1,58.3,50,2,15,9,2,0
1,63.6,10,2,5,3,74.5,1,4,1,63.6,53.1,4,8,11,2,0
0,36.7,5,1,3,1,71.8,0,2,1,70.6,45.8,5,5,11,1,0
0,40.8,15,3,8,4,74.1,2,7,2,55.6,53.7,3,13,9,2,0
2,54.3,16,6,4,6,71.3,1,8,0,29.4,59.4,1,10,8,2,0
3,46.6,14,8,4,2,73.5,2,4,1,65,54.5,1,11,10,0,0
1,67.2,10,2,5,3,83.3,1,3,2,61.5,66.7,1,9,12,2,0
0,42.7,15,2,10,3,75.6,4,5,4,70,55,2,8,11,1,0
2,33.1,3,3,0,0,75.2,1,2,2,61.9,40.9,6,8,13,2,0
2,49.7,14,4,5,5,77.2,3,4,1,68,50,1,16,14,2,0
2,39.6,16,6,5,5,62,3,1,1,83.3,53.4,4,10,13,1,1
0,60.7,13,3,5,5,81.2,1,9,1,50,56.4,3,9,14,3,0
4,61.5,16,9,3,4,76,5,6,2,64.3,48.5,4,9,13,0,0
0,43.4,15,5,4,6,79.7,0,8,3,80,46.8,4,10,15,2,0
2,44.6,11,2,6,3,69.2,1,4,0,46.7,55.9,2,17,13,2,0
3,35.1,12,6,3,3,73.8,2,4,2,69.6,50,4,8,9,1,0
0,63.7,16,5,8,3,88.5,1,4,0,57.9,52.9,4,14,14,3,0
0,29.4,7,4,3,0,71.9,1,3,1,52.9,53.3,3,6,6,2,0
1,46.4,10,3,5,2,81.6,4,2,2,54.5,63.3,4,6,11,0,0
4,67.3,19,8,4,7,86.3,1,7,2,52.9,54.3,1,10,18,1,0
2,50.4,14,3,5,6,80.2,2,7,1,54.5,59.5,1,12,6,0,0
0,72.2,24,7,10,7,85.5,0,5,2,80,57.6,0,11,7,0,0
2,64.5,16,5,8,3,80.8,0,6,0,22.2,63,1,11,18,2,0
3,34.7,11,3,4,4,67.7,1,5,2,50,50,7,9,12,1,0
0,44.4,6,0,5,1,63.3,1,0,2,70,52.5,4,12,13,1,0
2,54.9,17,8,7,2,83.6,4,6,1,60,60,1,13,10,1,0
0,32.7,4,1,2,1,65.4,1,5,4,69.2,52.3,4,13,13,4,0
2,58.8,19,8,5,6,87.7,3,17,2,55.6,61.8,0,11,6,2,0
2,44.5,8,5,2,1,73.1,0,4,1,68.8,55,7,14,7,1,0
2,53.2,16,5,6,5,79.2,3,11,2,50,55.2,4,7,10,1,0
0,41.5,15,2,8,5,69,3,3,2,28,68,4,13,12,2,0
1,61,11,4,5,2,80.6,0,4,3,61.5,44,2,9,9,1,0
1,55.3,10,2,3,5,78.2,1,3,2,50,52.9,2,11,13,3,0
2,72.5,25,6,10,9,89.3,3,14,0,46.2,46.7,2,9,6,1,0
1,66,16,5,5,6,84.3,1,4,0,61.5,44,3,10,9,2,1
2,52.5,11,5,5,1,70.1,0,1,2,57.1,40.4,1,13,10,2,0
1,48.8,12,6,4,2,77.7,3,7,3,81.3,58.1,2,11,13,1,0
1,30.1,7,2,5,0,67.1,2,1,1,53.8,58,3,9,13,1,0
0,56.7,10,1,7,2,78.4,0,5,0,75,41.7,2,3,13,1,0
1,29.4,7,1,4,2,80.4,0,2,1,60,52.2,5,5,11,2,0
1,42.7,6,3,2,1,71.3,0,1,3,64,54.2,3,14,22,2,0
3,65.5,18,8,4,6,84.2,2,10,6,61.5,41.2,1,7,4,0,0
1,53.8,14,6,4,4,79.4,2,4,2,61.9,50,2,7,6,2,0
1,58.2,5,5,0,0,72.7,1,2,3,65,42.9,7,9,17,0,0
4,59.6,13,6,4,3,85.8,3,4,2,57.1,62.5,3,18,7,0,0
1,65.7,9,4,3,2,85.2,2,5,0,56.3,54.5,0,13,12,0,0
0,33.2,14,4,8,2,78.2,1,4,2,76.9,37.5,5,4,8,0,0
1,46.9,13,3,6,4,70,4,7,3,73.7,51.9,2,11,5,1,0
2,74.8,19,7,5,7,90.4,3,8,1,66.7,64.3,2,5,5,0,0
1,47.7,16,5,4,7,77.9,2,5,0,75,57.8,3,8,15,2,0
1,61.9,20,1,13,6,80,3,8,2,28.6,51.5,4,12,9,1,0
0,23.4,5,2,2,1,69.7,1,4,0,60,33.3,7,8,12,1,0
1,40.9,12,3,4,5,63.3,2,6,1,63.6,51.2,5,21,8,3,0
2,36.4,9,3,4,2,72.9,2,4,1,53.8,57.1,3,12,4,3,1
2,65.4,16,7,7,2,90.1,3,3,3,80,35.6,1,11,11,0,0
1,40.6,15,4,8,3,80.7,2,2,2,56.7,46.9,2,12,9,5,0
4,42.6,14,7,5,2,79.3,2,9,1,69.6,45,2,3,11,1,0
2,48.8,10,4,5,1,84.8,0,1,0,52.6,43.8,4,11,15,2,0
1,42.1,7,2,5,0,78.9,1,2,2,68.8,53.1,2,13,18,5,0
1,62.9,10,3,4,3,86,2,5,2,36.8,40.9,2,7,2,1,0
2,72.9,16,4,6,6,90.6,1,8,1,80,41.4,0,5,6,1,0
2,55.1,16,6,6,4,82.9,0,9,3,65.2,52.2,2,9,10,0,0
1,42.7,20,5,9,6,73.5,1,5,3,50,67.1,7,13,12,2,0
1,59.9,14,5,4,5,80.7,1,12,2,50,46.2,1,13,7,1,0
3,48.8,20,6,5,9,79.4,2,6,1,71.4,38.9,2,16,9,3,1
2,41.1,5,2,3,0,70.8,0,4,3,59.1,48.6,5,12,10,3,0
1,42.7,14,4,5,5,70.8,0,5,2,58.3,64.1,6,16,4,4,0
0,38.6,8,1,5,2,67.8,1,5,5,69.2,51.2,2,17,8,4,0
3,61.9,21,8,6,7,88.7,3,3,0,53.8,53.8,1,7,12,0,0
2,53.8,11,5,2,4,78.9,1,9,5,78.9,29,4,10,9,4,0
1,42.5,11,2,5,4,74.7,0,5,1,63.2,61,5,15,12,2,0
1,39.5,12,4,5,3,79.6,2,8,1,43.8,53.8,1,5,12,4,0
0,66.1,10,3,5,2,80.8,2,8,1,61.9,55.7,1,10,9,3,0
2,58.2,13,4,8,1,83.3,3,7,1,62.5,37.2,1,5,10,0,0
1,67.5,21,5,8,8,81.8,1,10,0,80,47.1,0,15,14,0,0
1,58.1,16,4,6,6,75.8,1,9,4,44.4,57.4,1,11,8,0,0
4,73.3,22,10,7,5,89.8,2,5,1,70.6,45.2,1,10,6,2,0
0,41.2,3,0,2,1,81.9,0,2,6,68.8,48,2,5,7,1,0
2,36.1,11,3,3,5,66.8,0,3,5,47.4,30.6,8,16,10,3,0
0,44.5,5,1,2,2,78.2,0,3,0,68.4,50,1,9,11,4,1
0,43,9,0,5,4,79.3,0,5,0,40,45.5,2,10,10,2,0
1,56.5,19,6,7,6,77.5,1,7,2,55.6,67.3,5,16,15,2,0
0,64.8,3,0,3,0,77.3,0,4,2,66.7,50,0,13,20,2,0
0,69,9,2,4,3,82.1,0,4,2,88.9,49.1,1,6,9,1,0
1,42.5,8,3,2,3,77.3,0,4,2,56,45.2,4,12,11,2,0
1,50.2,13,7,5,1,80,2,4,3,73.3,50,2,7,14,2,0
3,62.7,23,12,7,4,89.9,3,6,1,52.6,42.1,1,14,8,2,0
1,34.8,11,4,6,1,71.7,0,3,0,50,72.2,9,7,12,1,0
1,66.5,24,8,8,8,85.8,0,6,2,78.6,62.5,3,10,12,1,0
1,57.8,19,5,4,10,76.7,0,11,0,50,41.5,3,14,10,4,0
0,42.4,6,1,4,1,86.9,0,3,2,75,37.5,4,9,23,1,0
2,67.9,16,6,8,2,82.9,1,6,5,57.1,69.4,2,8,4,2,0
1,48,7,4,2,1,73.2,1,4,3,78.6,60.4,0,15,11,0,0
0,67,18,5,5,8,82.5,3,9,3,46.7,55.4,1,9,14,1,0
1,56.8,18,5,8,5,84,0,12,0,76.2,44.8,2,11,12,0,0
2,56.7,7,3,2,2,77,5,3,3,58.3,47.1,0,10,7,2,0
0,57,11,2,9,0,72.2,0,5,4,53.3,52.3,3,9,12,1,0
1,35.8,11,4,4,3,78.9,0,4,1,59.3,41.9,0,12,6,2,0
1,40.4,15,2,9,4,76.5,1,8,0,57.1,37.5,4,21,14,6,0
2,45.3,12,6,0,6,67.7,0,3,0,37.5,52.9,3,11,17,1,0
1,58.2,14,4,5,5,78.2,0,9,1,52.9,41.4,1,6,11,0,0
2,62,13,5,5,3,81.6,1,3,1,53.8,45.9,4,10,7,3,0
3,30,13,7,3,3,62.7,1,1,2,58.3,50,3,14,8,3,0
0,26.2,3,0,1,2,64.9,0,1,5,58.3,51.7,6,5,6,0,0
5,49,13,7,3,3,77.3,4,1,1,68.4,48.1,1,12,7,1,0
0,50.2,13,3,4,6,72.9,2,6,1,71.4,56,0,15,16,4,0
1,71.9,22,5,6,11,89.2,2,16,0,50,52.2,5,10,9,3,0
0,73.3,13,6,4,3,85.8,1,8,3,83.3,43.5,2,10,6,2,0
1,49.2,12,5,4,3,83.5,1,9,7,47.4,32.4,7,10,10,3,0
2,64.5,25,9,6,10,86.9,1,9,0,61.5,44.4,2,18,9,2,0
2,63,12,6,4,2,82.1,2,7,3,45.5,50,1,13,16,3,0
2,46.6,12,7,3,2,76,0,4,1,60,40.7,4,9,9,0,0
2,40.1,14,5,5,4,68.9,2,6,3,55.6,49.1,2,12,7,1,0
2,49.4,13,7,6,0,81.4,2,5,3,41.7,63.6,3,8,8,1,0
5,58.5,11,5,3,3,81,5,5,3,73.3,47.2,2,13,16,1,0
1,30.8,7,2,3,2,73.6,0,6,1,50,40.9,3,6,14,3,1
1,24.5,4,2,1,1,65.2,1,3,0,57.1,62.9,4,9,6,1,0
2,39.9,15,8,5,2,80.5,0,7,1,58.3,42.3,4,8,10,2,0
1,59.4,13,3,4,6,81.6,1,7,1,47.1,50,3,12,16,1,0
2,69.3,16,6,7,3,83.4,4,4,1,52.6,54.8,2,7,9,0,0
2,62.3,16,6,7,3,86.1,1,9,1,50,65.2,1,16,7,4,0
2,23.6,6,3,3,0,64.7,0,1,3,44.4,51.5,7,4,6,1,0
0,43.5,15,4,8,3,66,2,5,1,75,50.8,1,13,8,2,0
0,65.7,19,6,8,5,87.8,3,9,3,71.4,45.7,3,0,15,0,0
2,44.8,15,7,5,3,80.5,1,4,1,45.5,42.9,4,3,9,0,1
3,52.6,14,5,7,2,80.6,4,4,1,68.4,68.2,4,10,12,0,0
2,62.8,11,6,3,2,78.6,2,6,2,64.7,36.4,2,6,10,1,0
2,62,17,8,6,3,86.7,4,11,1,73.3,45,5,10,9,1,0
3,40.6,12,8,1,3,72.3,2,6,3,69.2,48.9,2,13,9,1,0
2,47.1,11,4,4,3,77.9,0,3,4,33.3,44.9,3,12,14,3,0
2,61,12,5,3,4,83,0,6,2,52,62.5,4,13,19,6,0
1,46.6,9,2,4,3,80.1,1,5,0,66.7,35.3,5,10,9,2,1
0,52.6,7,0,4,3,84.1,1,6,2,63.6,45,7,9,1,2,0
1,40,16,6,7,3,74.5,2,9,3,71.4,46.7,2,8,7,0,0
0,57.3,18,7,7,4,76.1,0,7,0,65,48.9,3,12,11,3,0
0,61.9,15,4,4,7,76.3,0,7,2,81.8,57.4,2,14,13,1,0
2,46.7,15,4,7,4,85.5,0,8,3,66.7,63.2,1,5,9,1,0
3,42.7,21,11,5,5,80.2,5,5,0,58.3,44,1,10,14,2,0
2,50.1,17,5,7,5,80.3,0,6,0,57.1,59.4,3,17,5,4,0
3,45,12,5,5,2,77.9,2,4,3,38.5,48.1,2,10,5,0,0
2,60.6,23,5,10,8,87.1,3,7,0,47.4,54.3,1,9,17,3,0
3,40,14,12,1,1,69.6,4,11,7,28.6,57.4,4,17,10,2,0
2,33.9,21,9,5,7,69.9,1,5,4,44.4,54.8,3,10,5,2,0
1,47.3,4,3,1,0,70.7,0,5,2,41.7,47.1,3,12,11,1,0
1,61.1,17,5,8,4,84.2,2,4,1,68.4,61.1,3,6,9,2,0
2,50.2,19,7,9,3,87.7,2,5,1,47.4,69.2,1,10,10,1,0
0,65.8,17,5,7,5,87.6,0,10,1,61.1,44.4,0,7,13,1,0
0,44.2,12,3,5,4,78.4,0,5,2,68.4,51.4,3,15,16,2,0
1,47.3,7,3,3,1,74.9,1,5,1,46.2,47.1,1,9,8,1,0
1,42.6,13,6,4,3,71.6,2,4,1,53.8,68.2,4,14,12,4,0
1,57.5,10,4,5,1,86.3,1,8,2,62.5,28,7,6,15,0,0
1,26.3,4,2,1,1,58.4,1,2,3,65,46.3,4,12,8,1,0
2,58.5,21,5,12,4,84,4,8,3,68.4,70,0,11,8,0,0
2,75.3,26,4,9,13,87.9,4,17,3,88.9,42.9,2,11,9,3,0
3,45.6,13,6,5,2,69.3,5,7,1,58.8,53.2,1,8,11,1,0
2,69.5,16,6,6,4,85.9,0,7,1,61.5,47.4,6,10,7,2,0
1,32.8,12,3,5,4,78.3,1,2,0,37.5,47.8,8,8,5,4,0
1,43.1,13,2,7,4,78.3,1,3,1,69.2,54.5,4,8,15,2,1
2,56.2,15,6,8,1,81.5,0,12,1,47.6,40.5,2,18,8,2,0
2,68,21,13,3,5,83.7,2,8,0,75,59,3,9,11,3,0
1,46.1,10,3,5,2,79.1,1,1,1,53.8,40,8,13,10,2,0
3,63.1,26,10,8,8,87.8,2,13,1,46.2,65.4,5,10,5,1,1
3,55.3,8,4,3,1,80.6,0,0,3,61.1,38.9,5,12,12,2,0
1,60.8,12,4,7,1,80,5,10,4,66.7,46.8,2,7,10,2,0
2,36.7,13,5,5,3,73.3,3,5,1,56.3,56.8,3,7,7,3,0
0,27.4,6,3,2,1,63.6,0,2,1,60,50,6,3,11,0,1
1,31.4,8,2,5,1,71.4,1,7,1,66.7,65.1,3,10,11,4,0
1,32,7,2,4,1,66.6,1,3,4,30,27.8,3,6,13,0,0
2,51.3,19,10,5,4,74.4,2,11,9,75,53.2,4,15,14,2,0
2,48.9,24,8,8,8,84.1,2,7,1,33.3,34.6,4,9,17,1,0
0,47.7,11,2,6,3,80.1,1,6,2,50,41.9,1,8,11,1,0
1,71.1,16,8,4,4,87.1,3,11,1,52.2,56.1,0,9,12,2,0
2,64.5,19,3,9,7,83.8,0,9,2,59.1,48.9,3,4,10,0,0
1,69.4,12,2,3,7,86.3,0,11,5,72.7,47.1,1,5,8,4,0
1,57,4,1,3,0,78.1,0,1,1,63.6,55.8,4,10,14,3,0
0,28.7,7,2,3,2,75,0,1,3,53.8,38.2,9,8,10,1,0
1,52.5,12,2,6,4,75.4,1,14,0,56.5,35,2,12,6,1,0
0,76,18,2,6,10,88.8,2,9,1,50,42.3,0,11,14,5,0
1,43.3,10,3,6,1,68.8,0,3,1,39.1,43.6,3,8,15,0,0
1,31.9,12,2,5,5,72.6,1,4,1,83.3,56.1,3,12,9,3,0
3,47.7,17,6,4,7,82,0,4,1,54.5,56.5,3,11,7,2,0
1,40.8,9,3,4,2,65.7,0,7,5,66.7,46.8,2,5,12,2,0
2,50.7,18,8,6,4,78.1,4,4,3,52.6,39.3,0,9,17,1,0
1,57.6,21,5,8,8,81.1,0,10,0,70,41.7,7,14,17,1,0
0,39.5,8,2,4,2,70,3,7,2,41.2,51,3,7,6,0,0
1,51.7,9,4,4,1,82.1,1,2,2,57.9,57.4,1,11,7,3,0
1,54.8,16,4,6,6,79.5,1,8,2,40,47.6,4,18,12,4,0
5,68.9,13,5,5,3,89.1,2,9,0,54.2,40.9,0,12,9,1,0
0,29.6,12,2,6,4,66,1,6,0,63.6,43.5,3,8,4,1,0
2,60.2,16,3,7,6,77.9,1,7,2,35.7,47.5,1,10,16,1,0
2,49.1,13,5,4,4,76.5,4,6,2,50,49,4,7,8,3,0
2,52.6,24,10,4,10,85.7,5,5,1,50,50,1,5,11,2,0
2,44.6,15,3,6,6,80.2,0,5,2,55.6,57.7,3,14,10,3,0
2,41.4,9,4,3,2,78.6,2,6,1,52.2,51.4,5,5,16,0,1
2,39.1,6,2,4,0,77,2,1,2,42.9,35.3,5,5,5,0,0
1,37.2,12,8,3,1,82.1,3,5,2,57.9,59.3,5,4,8,2,0
1,49.9,13,4,5,4,78.7,1,6,1,37.5,54.1,3,7,10,2,0
2,46.5,8,6,1,1,78.3,0,3,2,62.5,61.8,3,8,9,2,0
3,58.1,21,6,10,5,85.2,2,9,2,50,64.3,7,13,14,5,1
1,55,13,2,8,3,80.1,2,6,7,53.3,52.6,1,8,13,3,0
2,44.2,16,7,6,3,75.3,0,8,3,60.9,44.4,3,16,13,1,0
2,41.4,13,6,2,5,76.2,3,7,2,71.4,50,2,11,9,0,0
0,69.8,16,3,6,7,83.3,2,12,1,50,44.2,0,9,8,1,0
8,68.7,28,11,13,4,90.1,8,5,2,66.7,73.3,4,5,9,2,0
0,28.7,11,4,5,2,69.6,2,5,0,61.1,51.4,2,12,8,2,0
1,64.8,25,6,11,8,77.4,0,4,1,66.7,45.8,0,8,8,1,0
0,46.6,10,5,4,1,80.6,2,2,3,47.4,48.5,1,13,12,2,0
3,40.5,13,6,5,2,69,2,7,4,50,48.9,4,5,14,0,0
2,52.4,31,10,15,6,88.6,2,7,1,52.9,66.7,2,14,4,3,0
3,75.3,21,9,9,3,90.2,4,10,2,84.6,65.8,0,5,4,0,0
1,62.5,14,5,7,2,75.8,1,3,2,61.9,51.9,0,13,7,0,0
1,41.7,10,5,5,0,74.8,0,3,0,57.9,40.7,3,14,14,1,0
0,48.2,17,4,8,5,74.4,3,12,3,52.4,44.4,6,10,6,1,1
4,64.1,13,5,7,1,88,1,4,1,54.5,57.1,6,19,11,4,0
2,45.3,11,4,4,3,78,0,7,1,58.8,43.6,1,8,10,1,0
3,31.4,7,3,3,1,74.2,3,3,1,75,36.7,6,8,7,3,0
3,58.7,15,6,3,6,80.7,2,7,1,70.8,50,3,12,12,1,0
2,54.8,26,8,10,8,83.9,2,11,3,52.2,55.2,7,13,18,3,0
1,41.4,10,2,5,3,73.6,1,2,0,60,40,7,17,6,1,1
2,62.3,13,5,5,3,87.2,2,3,2,43.8,46.5,2,6,11,0,0
1,52.8,22,5,10,7,84.3,1,13,2,50,50,2,15,15,2,0
3,55,15,6,5,4,80.4,3,4,2,59.1,41.7,1,9,10,1,0
4,53.5,15,6,8,1,89.5,4,8,1,46.7,50,1,10,6,1,0
1,48.8,13,5,3,5,76.7,2,6,6,27.3,42.9,3,5,11,2,0
2,48.6,18,8,7,3,83.3,2,8,2,65.5,68,3,16,10,2,0
0,36.2,7,2,4,1,60.7,1,6,5,71.4,46.7,5,10,15,0,0
1,26.2,10,7,2,1,71.9,1,4,2,62.5,48.4,2,7,13,1,0
0,80.2,17,2,8,7,90.4,1,6,1,60,38.5,2,10,5,2,0
1,65.1,17,2,8,7,80.2,0,4,1,77.8,63.1,3,9,11,0,0
2,46.6,6,5,1,0,81.3,1,1,0,43.8,41.4,5,9,7,1,0
0,50.7,12,3,6,3,75.1,1,8,1,62.5,61.5,2,9,10,1,1
1,71.3,22,3,13,6,85.6,1,8,0,44.4,60.5,1,8,18,2,0
1,49.1,7,2,3,2,75.1,1,7,1,81.3,54.3,0,11,6,1,0
1,54.9,23,3,10,10,83.9,3,8,1,70.6,48.5,7,12,11,1,0
3,52.8,25,5,6,14,85.8,3,6,1,70.8,33.3,2,8,4,1,0
2,35.2,7,3,2,2,72.8,2,0,8,50,36.4,1,10,17,2,0
1,34.4,6,2,3,1,75.1,0,4,1,52.9,33.3,1,17,6,2,0
1,42.5,15,3,6,6,77.4,1,8,0,55,46,4,16,10,3,0
1,50.2,14,5,7,2,79.1,1,4,3,56,63.9,2,9,14,1,0
2,67.5,15,9,3,3,83.7,2,10,5,58.3,51.2,3,13,9,2,0
1,62.6,21,7,9,5,82,2,11,5,85.7,56,2,10,13,0,0
1,57.3,16,4,9,3,79.5,5,8,2,45,68.9,2,11,10,0,0
1,44.1,12,2,6,4,67.3,1,4,3,80,50.9,2,11,10,2,0
3,63.3,15,8,3,4,87.7,3,7,2,78.6,60.9,3,9,11,1,0
1,36.2,14,3,7,4,64.9,4,5,4,53.3,44.1,4,10,4,2,0
2,55.4,30,10,8,12,90.3,3,13,3,46.7,60,0,14,4,1,0
0,70,16,1,10,5,84.8,1,12,0,65,52.2,2,3,11,0,0
0,38.1,9,2,4,3,75.9,0,5,1,65.4,60,1,12,7,1,0
4,46.2,11,5,2,4,80.8,2,3,2,62.5,59.1,7,15,12,3,0
0,42.9,5,3,2,0,80.6,1,1,2,55.6,51.4,4,6,13,2,0
1,52.9,13,3,7,3,79.2,1,3,1,72.2,40,2,10,17,2,0
3,46.5,10,4,4,2,55.1,1,2,5,57.1,51.1,3,6,11,0,0
0,35.4,6,2,0,4,60.1,1,6,4,66.7,62.5,2,16,12,2,0
0,48.2,11,3,4,4,78.5,0,5,0,33.3,42.4,1,15,11,0,0
3,70.1,31,7,14,10,89.6,3,14,1,70.6,45.5,3,13,9,1,0
4,57.9,15,7,5,3,81.1,3,11,0,61.9,68.2,4,9,9,0,0
2,53.9,16,5,7,4,88.1,0,11,2,57.1,63.6,1,10,8,0,0
2,28.8,6,3,3,0,69.6,0,2,0,78.6,62.5,6,11,12,3,0
0,64.3,14,0,7,7,90.1,1,5,1,38.9,41.2,2,12,6,1,0
3,64.4,17,9,3,5,82.6,1,8,3,66.7,63,4,12,11,2,0
2,47,10,6,2,2,76.6,0,8,3,60.7,40.7,1,9,7,0,0
2,69.6,19,5,10,4,85.4,3,14,2,80,48.1,4,10,7,2,0
5,67.7,21,11,6,4,91.7,5,7,1,50,42.1,3,8,10,2,0
1,43,12,3,7,2,68.4,0,8,2,68.4,47,3,11,1,3,0
3,36.9,14,7,6,1,69,2,2,5,50,62.1,5,5,9,0,0
1,57.2,14,4,6,4,88.6,0,6,1,57.9,42.9,2,14,3,4,0
1,41,14,4,4,6,79.3,0,7,0,57.1,70.6,3,11,11,0,0
1,50.9,16,5,9,2,89.1,3,5,2,12.5,53.3,1,7,7,0,0
1,60.8,10,4,2,4,83.8,0,4,2,61.9,48,3,14,13,1,0
1,31.3,12,6,4,2,70.2,1,6,3,60,50,0,7,6,2,0
0,41.2,10,4,3,3,77.6,2,6,1,50,36.8,0,10,7,0,0
1,52.5,14,4,5,5,74.5,0,6,2,50,58.5,6,8,10,2,0
1,57.1,13,6,5,2,86.6,1,6,4,46.2,50,4,10,15,2,0
0,51.3,18,3,11,4,82.7,0,4,2,65.2,38.5,5,10,12,0,0
3,62.7,19,6,4,9,89,0,5,3,50,52,2,13,11,3,0
2,58.6,17,6,5,6,84.9,1,6,1,68.4,53.1,2,15,15,2,0
3,45.5,23,8,3,12,73.5,0,7,2,66.7,51.4,3,23,13,3,0
2,61.9,24,13,9,2,87.5,2,10,2,90.9,58.1,3,8,11,1,0
1,23.7,9,3,5,1,60,3,9,3,12.5,51.1,4,7,14,0,0
0,62.4,16,6,5,5,86.1,1,11,0,52.4,70,2,8,12,1,0
0,48.2,16,4,8,4,76.8,2,6,2,66.7,60.5,2,10,10,1,0
3,46.2,11,7,2,2,86.2,2,6,3,57.9,50,2,9,14,0,0
1,51.1,10,2,2,6,85.4,1,3,0,44.4,28.6,1,7,4,1,0
3,17.9,11,5,3,3,67.7,0,4,0,38.5,52.6,2,11,10,2,0
0,58,13,2,7,4,83.9,1,9,0,71.4,42.1,5,9,12,2,0
2,53.3,18,3,8,7,78.9,2,6,1,59.1,57.1,4,10,10,3,0
0,67.7,19,5,9,5,89.7,0,9,4,100,68,2,7,5,0,0
1,53.1,4,1,3,0,82.4,0,3,3,58.3,43.5,1,9,12,0,0
3,62.7,13,6,3,4,87.2,2,12,1,69.2,27.3,3,20,13,2,0
0,68,21,3,11,7,75.4,0,8,4,50,50.7,3,11,8,2,0
2,60.7,16,6,3,7,88.9,1,10,0,57.1,21.7,2,12,7,2,0
1,41.1,11,5,3,3,80.2,0,5,0,35.7,37.5,4,13,17,1,1
0,68.6,11,0,6,5,90.1,1,5,2,62.5,41.4,2,8,10,2,0
3,65.7,15,7,5,3,86.3,1,6,1,72.7,47.8,0,7,8,1,0
3,53.3,16,7,5,4,79.6,2,8,1,50,62.9,2,12,10,1,0
0,49.8,7,0,6,1,80.8,1,5,2,59.1,44.1,6,11,8,1,0
1,48.3,16,4,6,6,91.1,1,6,1,55.6,33.3,3,12,10,2,0
2,54.1,14,6,5,3,87.3,4,8,4,46.7,70.8,6,10,6,0,0
2,68.3,25,9,7,9,86.7,3,9,2,69.2,56.3,2,12,9,1,0
1,42.4,10,4,5,1,72.6,2,5,1,38.1,45.9,9,17,10,2,0
1,44.6,8,3,3,2,71.4,0,5,2,25,27.3,2,4,8,2,0
0,38.6,5,1,3,1,87.1,0,3,1,50,52.2,2,10,9,2,1
4,65.8,20,11,6,3,90.9,2,6,3,54.5,61.9,1,8,8,1,0
0,30,9,4,4,1,73.1,0,2,3,66.7,48.6,1,9,9,2,0
2,41.9,17,5,8,4,80.1,3,2,0,54.5,56.7,2,17,6,1,0
2,48.7,9,5,1,3,85.1,3,1,7,45.8,47.8,3,15,7,1,0
1,47.5,16,3,7,6,81.9,2,3,2,65,40.7,3,10,11,0,0
1,29.2,5,3,0,2,65.8,0,0,1,50,28.2,8,9,12,1,1
2,66.8,13,5,6,2,83.4,2,7,2,63.2,45,1,13,12,0,0
0,59.2,12,2,5,5,77.8,0,8,2,68.8,47.6,3,8,8,1,0
0,44.2,6,3,1,2,77.7,0,2,2,56.7,31.6,4,21,11,4,0
2,70.2,24,11,7,6,84.9,1,11,2,46.2,56.4,3,14,9,0,0
1,68.5,22,9,8,5,90.5,3,6,1,47.6,47.1,3,9,6,2,0
0,44.5,9,2,4,3,77,0,4,3,38.9,42.5,5,9,11,0,1
1,31.5,7,3,1,3,67.8,0,2,0,66.7,38.5,4,13,6,3,0
0,59.1,14,3,3,8,91.5,0,7,2,40,48,1,13,10,1,0
3,72.7,17,7,5,5,86,4,7,1,78.9,60.7,1,13,12,0,0
2,61.7,12,3,5,4,83.4,0,5,2,55.6,56.7,4,10,14,2,0
1,28,8,3,3,2,78.6,1,1,1,50,50,1,12,7,0,1
0,64.4,7,4,2,1,88.4,0,0,3,25,41.7,2,8,8,2,0
1,61.9,12,5,4,3,83.8,5,10,0,56.5,52.4,6,7,14,2,0
1,69.5,18,5,8,5,88.2,4,11,5,44.4,52.8,0,9,11,0,0
3,69.7,17,9,4,4,88.5,4,8,2,61.5,43.3,2,9,10,1,0
3,34.6,16,8,1,7,75,2,3,2,62.5,57.1,4,9,7,2,0
1,47.5,10,5,3,2,85,1,3,2,60,57.7,2,8,15,1,0
2,52.8,18,7,8,3,78.5,1,6,2,54.5,50,1,8,8,1,0
3,39.5,15,6,6,3,67,5,5,4,80,51.2,4,12,11,0,0
0,55.2,23,3,10,10,81.5,0,10,0,66.7,40.7,1,12,7,1,0
1,57.1,24,4,14,6,77.1,1,13,0,50,46.2,2,11,11,1,0
3,36.3,4,4,0,0,73.2,2,1,3,50,37,2,7,13,3,0
1,46.8,12,3,6,3,81.1,1,7,3,61.9,29.2,4,11,15,1,0
0,45.1,7,2,2,3,84.6,0,2,2,43.8,39.1,2,9,5,1,0
1,71.1,29,7,11,11,89.5,2,9,2,75,52.2,0,12,15,3,0
2,66.3,23,10,6,7,83.2,1,7,2,64.3,52.5,4,16,11,2,0
1,35.7,1,1,0,0,77.4,1,0,1,35.7,61.4,5,7,11,1,0
0,49.6,14,3,7,4,84.1,1,3,3,44.4,60,2,11,8,0,0
1,47.5,15,7,7,1,80.2,6,3,2,56.3,63,5,10,9,2,0
2,66.1,20,5,13,2,87.9,3,4,1,45,43.2,3,9,8,1,0
3,53.4,24,9,3,12,76.4,3,6,0,50,59.1,3,11,10,0,0
2,41.3,22,6,7,9,74.1,4,7,1,36.4,42.5,2,13,14,3,0
3,52.5,14,4,5,5,79.9,2,4,5,46.7,50,6,14,19,1,0
2,57.7,15,7,6,2,84.4,4,5,0,53.8,72,2,14,7,2,0
2,66.2,18,8,6,4,85,2,10,1,41.2,50,2,11,6,1,1
2,54.1,23,8,9,6,78.8,3,5,1,80,41.9,0,12,11,1,0
0,43.8,5,2,2,1,82.7,0,1,3,68.4,54.2,2,13,12,2,0
0,35.8,3,2,0,1,75.9,0,1,0,23.8,40.6,4,10,10,1,0
3,37,15,5,7,3,73.9,2,3,1,41.7,41.5,5,18,8,3,0
0,50.1,8,1,2,5,77.6,0,5,1,58.3,48.6,1,18,13,3,0
3,65.3,11,6,1,4,88.9,1,3,2,50,43.5,1,12,5,0,0
1,51.2,13,6,4,3,72.6,1,13,1,50,59.4,2,13,12,2,0
0,52.7,10,5,2,3,79.1,1,3,2,61.1,55.8,3,17,10,2,0
1,59.4,9,4,1,4,79.5,0,4,1,75,45.5,4,11,10,0,0
5,71.7,19,10,4,5,89.1,6,9,2,63.2,50,0,10,9,0,0
2,52.6,13,3,8,2,86.5,1,6,0,55,32.4,2,12,13,1,0
1,61.8,15,4,4,7,90.1,2,6,0,61.5,35.7,0,12,2,4,0
0,37.7,7,4,0,3,73,0,8,5,46.2,41.2,8,16,6,3,0
1,43.8,6,4,1,1,67,0,3,1,76.5,50,1,16,14,3,0
1,65.9,14,4,5,5,81.2,3,7,2,37.5,50,3,9,6,0,0
0,46.1,3,0,0,3,80.4,0,4,1,31.8,55.6,4,14,12,0,0
1,49,12,3,4,5,71.9,1,2,0,65,44,6,10,9,2,0
5,58.3,17,10,5,2,91.1,2,5,1,62.5,45.5,4,6,4,1,0
2,65.5,19,9,6,4,89.1,3,7,1,50,55.6,1,11,12,0,0
2,34.8,16,5,6,5,70.1,2,6,1,53.8,48.4,2,9,9,1,0
0,52.8,13,3,6,4,74.5,2,9,1,63.6,56.5,5,11,10,0,0
0,63.1,16,3,11,2,83.9,0,9,3,76.9,51.5,2,10,6,2,0
0,65.9,23,6,10,7,89.9,2,6,0,47.1,76.9,4,9,10,0,0
4,64.2,12,5,4,3,87.8,4,1,1,63,46.3,0,8,16,2,0
1,41.2,9,5,4,0,72.1,1,2,2,73.3,50,1,5,10,1,0
0,50.5,8,2,5,1,69.8,2,7,2,68.8,59.5,5,17,11,4,0
0,49.2,9,1,5,3,77.8,1,5,3,52.2,51.6,2,13,13,1,0
1,36.6,7,2,3,2,75.3,1,6,4,66.7,40.9,2,14,7,0,0
0,59.6,11,3,7,1,82.9,1,4,4,63.6,48,2,13,9,2,0
0,48.1,11,3,3,5,80.2,2,3,3,44.4,36.1,2,9,6,3,0
0,54.2,7,1,4,2,87,1,5,1,42.9,52.6,3,9,8,0,0
1,38.9,12,7,5,0,70.7,2,5,3,50,57.4,3,6,11,0,0
1,28.2,9,2,5,2,69.6,1,2,1,69.2,44.1,4,13,6,1,1
0,37,8,2,3,3,78.5,1,4,1,63.2,43.8,1,4,13,1,0
4,72.1,22,10,4,8,92.2,2,10,3,64.3,61.9,0,9,5,0,0
1,46.6,7,1,2,4,74.6,2,4,4,50,73.1,1,13,9,0,0
0,40.4,3,0,1,2,75.5,0,1,1,40,53.7,4,10,14,1,0
1,44.2,8,3,2,3,77.5,0,2,0,57.1,51.9,1,15,3,2,0
4,58.3,16,7,7,2,83.7,3,3,0,75,47.1,3,6,10,0,0
0,57.5,18,6,5,7,89.1,1,3,1,54.2,50,4,11,12,1,0
0,39.3,8,2,4,2,74.9,2,4,3,72.7,55.6,7,9,9,0,0
2,63.2,10,3,2,5,89.5,1,4,2,63.6,56.5,2,8,10,1,0
1,29.9,6,2,3,1,61.7,1,7,1,38.5,60,6,11,11,0,0
0,69.2,13,3,5,5,79.9,1,7,0,55.6,43.2,3,14,13,3,0
1,47.6,19,7,6,6,84,3,3,2,66.7,38.2,3,11,13,2,0
3,46.7,11,7,4,0,67.7,2,2,1,60,36.8,5,11,12,1,0
1,74.5,25,5,11,9,87.7,2,13,3,54.5,45.2,0,11,6,2,0
2,30.8,4,4,0,0,61.7,1,5,1,60.9,53.5,3,14,7,4,0
1,49.9,11,2,5,4,80.2,1,7,4,58.8,51.2,5,11,12,2,0
0,45,7,1,3,3,85,0,1,1,37.5,59.1,2,11,8,2,0
3,71.6,15,7,4,4,86.7,1,6,2,54.5,66.7,5,9,11,1,0
1,29.1,4,1,3,0,65.8,1,3,0,47.1,30.3,2,10,10,1,0
0,62.1,6,1,4,1,75.1,1,5,4,70.6,44,2,16,9,3,0
0,71.4,15,6,7,2,87.9,2,7,2,62.5,46.7,4,10,10,2,0
1,65.1,15,7,6,2,82.7,0,6,1,50,49.1,2,11,14,1,0
1,41,15,5,5,5,76,0,7,1,64.7,38.7,7,13,7,1,0
1,46,8,3,5,0,68,1,5,6,60,45,2,7,13,1,0
1,29.6,3,2,1,0,73.2,0,0,0,61.1,53.3,4,8,8,2,0
3,45.9,13,9,3,1,81.1,1,7,1,22.2,50,5,11,12,0,0
2,65.6,18,6,7,5,87.6,2,10,0,52.6,64.5,4,9,12,0,0
1,51.1,7,3,3,1,79.2,2,4,6,52.2,48.6,2,10,9,2,0
1,26.9,7,3,4,0,65.6,2,4,2,50,41.2,5,13,10,5,0
4,45.9,13,5,3,5,76.4,2,4,2,40,46.2,3,8,15,0,0
0,49.7,7,2,3,2,83.5,0,5,3,64.7,62.5,1,7,16,1,0
3,38,11,6,4,1,69.2,2,2,2,65.2,47.8,3,7,6,1,0
0,53.3,13,3,3,7,76.3,0,7,3,50,44,1,15,14,0,0
3,60.4,15,6,4,5,91,2,4,1,47.6,50,3,12,13,1,0
0,58.2,26,9,7,10,81.5,2,9,0,72.7,65.5,1,16,12,2,0
2,68.2,17,7,7,3,87.4,2,5,1,45.5,51.9,3,7,7,0,0
2,65.6,13,6,4,3,86.1,2,8,1,58.8,35.9,1,16,12,1,0
0,43.9,13,1,6,6,81.4,2,8,0,63.2,55,3,11,14,1,0
1,55.9,8,3,2,3,88.3,0,6,1,50,58.8,1,13,8,2,0
1,31.1,8,3,3,2,72.2,1,1,2,50,41.2,0,8,8,1,0
1,33.6,12,8,3,1,73.4,1,3,1,44.4,55.8,3,12,11,3,0
1,54.5,20,7,7,6,79.5,2,8,3,100,58.5,1,8,9,2,0
3,26.2,6,4,1,1,57.9,1,0,3,68.8,57.6,3,11,14,2,1
0,60.6,20,2,12,6,84.2,2,7,1,69.2,29.7,1,11,10,1,0
3,62,14,5,6,3,89.6,3,5,0,50,50,0,14,9,2,0
0,42,7,2,5,0,81.8,1,2,0,61.5,42.4,1,20,14,2,0
0,25.7,2,0,2,0,73.8,0,1,3,41.2,45.2,4,8,5,2,0
0,57.5,8,1,4,3,83.3,1,5,1,59.1,51.6,3,17,10,3,0
1,63.2,16,7,6,3,82.7,0,7,0,68.8,31.4,4,12,12,2,0
1,56.4,9,2,5,2,83.1,1,7,1,41.7,51.9,6,11,15,1,0
0,63.4,11,1,4,6,85.9,2,6,0,75,33.3,3,12,6,1,0
2,68.3,14,6,4,4,83.5,1,9,0,55,47.4,3,11,9,2,0
2,54.6,11,7,4,0,91,1,9,1,70,47.8,2,11,7,3,0
9,74.6,24,14,5,5,88.2,6,5,3,76.9,60,1,11,6,2,0
1,61.3,21,5,10,6,84.6,1,9,1,50,60.5,1,14,9,1,0
2,71.1,19,8,9,2,86.7,2,4,2,61.5,37.1,0,7,9,0,0
1,50.8,18,8,4,6,75,2,6,2,73.3,64.7,3,17,16,0,0
1,32.8,8,2,3,3,76.7,0,6,2,66.7,50,2,7,4,2,0
1,43.2,16,5,7,4,80.3,1,9,1,63.2,38.9,4,11,11,2,0
0,60.9,11,3,6,2,84.8,0,7,4,70.6,63.6,1,13,5,3,0
1,47.3,11,2,6,3,86.9,1,1,1,42.9,52.9,4,7,10,1,0
1,75,10,5,1,4,90.6,2,10,0,58.3,50,1,7,10,0,0
2,37.5,5,3,2,0,64,1,2,1,53.8,35.7,5,9,9,1,0
0,43.3,17,3,8,6,80.7,0,4,0,53.8,45.5,3,9,16,1,0
0,59.8,20,5,6,9,81.1,2,7,4,54.2,39.3,3,12,10,1,0
1,49.8,3,2,1,0,84.1,0,1,2,57.1,52.2,4,9,10,1,0
3,38.2,10,5,3,2,58.6,1,2,3,59.1,52.1,8,16,6,1,0
0,78.9,14,5,5,4,92.4,0,13,2,73.3,50,0,14,7,1,0
0,49.5,16,5,5,6,71.3,3,10,3,60.9,51.9,2,10,14,2,0
1,35,8,2,4,2,76.2,0,5,2,64.3,44.1,5,12,10,1,0
1,75.8,16,4,5,7,88.5,1,7,0,52.4,82.1,1,10,12,1,0
2,54.2,6,3,3,0,78.7,1,3,0,47.1,67.4,5,9,8,0,0
1,42.3,22,5,10,7,70.9,1,9,1,54.5,48.1,1,10,12,1,0
1,58,13,5,5,3,85.4,0,4,2,64.7,47.6,1,11,6,1,0
0,22.3,4,1,2,1,66,0,3,0,46.2,27,2,8,7,2,0
2,59.2,14,5,6,3,88,1,5,1,54.5,53.3,1,9,18,0,0
0,71.8,27,6,10,11,85.7,0,12,1,33.3,41.7,3,11,7,2,0
2,69.1,28,9,7,12,88.1,1,16,3,71.4,65.6,4,10,8,0,0
2,59,14,6,5,3,82.4,3,3,2,60,57.9,2,10,9,0,0
2,35.6,8,6,2,0,81.8,4,6,1,57.9,56.5,5,7,16,1,0
3,66.4,20,6,11,3,89.9,2,7,4,71.4,36,1,9,8,0,0
1,42,15,5,3,7,77.7,1,5,4,57.9,60.5,2,13,4,4,0
0,65.7,17,3,6,8,86.4,1,7,1,56.3,27.8,4,15,6,2,0
4,72.2,13,6,3,4,90.4,1,11,0,55.6,53.8,0,9,6,0,0
2,67.8,23,6,10,7,83.2,1,11,0,66.7,58.5,2,10,14,2,0
0,66.6,7,2,3,2,82.7,0,5,3,53.8,50,1,8,9,1,0
1,44.8,15,4,6,5,72.8,0,7,5,62.5,54.4,2,12,9,2,0
0,30.2,10,3,5,2,72.6,1,1,1,50,61.1,5,11,10,2,1
2,47.6,16,5,9,2,72,2,2,5,59.1,60,3,10,10,2,0
0,67.2,11,4,5,2,86.7,0,7,1,47.1,54.8,2,11,11,1,0
1,65.1,16,6,4,6,89.8,3,8,2,62.5,61.5,1,4,11,0,0
1,52.4,15,6,6,3,81.8,7,6,2,50,44.2,3,13,14,1,0
1,66.2,17,4,6,7,86.6,1,5,2,36.4,52.5,3,13,11,2,0
0,37.3,11,0,6,5,65.9,1,3,3,60,35.3,6,15,13,1,0
1,52.8,12,3,6,3,91.2,1,6,0,64.3,33.3,1,6,9,2,0
1,32.9,7,3,3,1,66.1,1,1,6,55.6,40,1,5,12,1,0
1,43.3,8,2,3,3,70.4,0,3,3,56.3,55.8,1,10,11,0,0
1,54.6,9,2,2,5,90.4,1,5,2,63.6,33.3,3,11,9,3,0
3,36.7,20,7,9,4,75.2,3,3,0,62.5,63.6,5,15,13,2,1
2,44.4,9,4,2,3,72,0,3,0,58.3,47.9,2,8,16,1,0
3,54.5,13,4,3,6,86.5,1,5,1,42.9,67.9,2,13,7,2,0
0,38.1,7,3,3,1,74.3,2,3,3,53.8,64.3,8,7,4,1,0
0,60,10,2,5,3,83.5,0,5,2,66.7,48.8,4,9,6,2,0
2,48.4,19,9,5,5,82.8,2,5,1,54.5,59.5,4,22,9,4,0
0,26.9,8,2,4,2,66,1,5,2,63.2,42.6,4,9,13,2,0
0,49.7,13,2,5,6,82.1,0,5,0,58.8,66.7,2,11,4,2,0
1,37.1,5,3,2,0,69.6,2,3,2,66.7,58.5,2,13,17,1,0
0,62.6,8,3,4,1,83.9,1,4,2,26.7,25,3,16,14,3,0
0,24.4,4,1,2,1,65.1,0,3,1,60,40.9,2,7,10,0,0
1,58.2,11,3,5,3,87.4,2,2,4,26.7,59.1,5,11,7,1,0
1,33.1,4,1,3,0,61.8,0,2,3,61.1,52.3,2,10,7,0,0
1,63.4,16,5,7,4,82.5,0,11,1,52.9,44.1,1,16,3,3,0
1,52.3,11,4,5,2,74.3,2,4,3,52.9,50,6,8,13,0,0
2,43.6,11,4,2,5,76.6,1,5,2,57.1,59,2,6,8,0,0
1,78.4,17,2,11,4,88.3,2,8,1,72.7,66.7,2,8,4,0,0
1,54.8,11,6,2,3,85.6,1,9,2,61.9,52.5,2,20,13,4,0
2,54.4,10,2,4,4,79.9,1,5,1,70.6,54.5,2,10,16,2,0
3,38.6,21,10,6,5,71.8,5,4,1,35.3,60,6,18,16,1,1
0,46.7,10,1,4,5,72.2,1,6,1,58.3,57.1,2,15,11,2,0
3,39,15,7,4,4,69.8,1,7,1,43.8,30.8,2,13,10,2,0
2,75.1,11,6,2,3,90.6,6,7,1,62.5,40,2,5,12,2,0
0,43.8,10,2,5,3,72.9,1,6,0,50,38.8,2,11,10,2,0
2,36.4,10,4,5,1,66.2,1,1,1,57.1,60,2,11,15,2,0
3,53.7,11,7,3,1,83.1,5,5,0,56.3,49,0,11,6,0,0
1,73.5,21,5,8,8,85,2,14,1,25,46,2,9,11,1,0
0,56.4,8,3,4,1,78.8,1,5,2,60,55.6,3,15,14,2,0
6,41.5,26,14,6,6,77.1,5,11,2,63.2,48.6,2,6,6,1,0
0,32.7,1,1,0,0,67.4,0,1,1,60,39.6,7,14,7,1,1
0,35.3,5,3,2,0,75.6,1,5,7,70,58.3,0,5,11,1,0
0,48.3,9,3,3,3,81.9,0,6,3,50,39.1,4,9,10,2,0
2,42.2,9,2,4,3,80.8,1,4,1,50,58.3,1,9,9,1,0
1,49.5,12,5,5,2,81.3,0,2,1,75,57.9,4,7,16,1,0
0,59.1,27,7,11,9,72.9,0,11,1,66.7,52.8,4,17,18,1,0
2,40.7,12,6,5,1,73.7,1,6,2,73.7,48.7,4,17,6,3,0
1,35.2,9,4,3,2,77.1,1,2,1,75,62.1,2,13,13,1,1
5,68.7,25,10,8,7,83.3,2,7,4,46.2,48.6,2,10,12,3,0
0,61,14,2,4,8,84.8,1,4,2,52.4,42.9,4,12,9,2,0
0,46.4,9,4,3,2,73.2,1,1,1,68.8,46.4,4,15,10,1,0
2,75.8,17,11,1,5,88.3,0,7,2,66.7,55.9,1,8,8,0,0
1,51.9,9,2,7,0,85.6,0,5,0,63.2,52.6,1,8,12,0,0
2,45.1,12,4,6,2,80.4,1,5,1,58.8,69.2,2,12,11,2,0
1,77.2,26,7,11,8,90.2,3,13,3,36.4,55.9,1,5,8,2,0
3,68.2,16,6,7,3,85.8,4,8,3,61.9,59.5,0,8,13,0,0
1,42.9,16,5,5,6,79.4,1,4,4,72.7,68.8,5,15,10,1,0
1,24.9,10,5,4,1,67.4,3,6,2,47.1,61.3,5,9,4,3,0
0,64.7,18,6,6,6,82.9,3,13,3,41.7,28.6,2,5,10,2,1
3,54.1,15,6,5,4,87,1,9,4,50,60,4,9,10,2,0
0,50.5,16,7,4,5,76.7,1,5,0,73.3,45.8,1,23,14,2,1
2,45.4,12,7,1,4,80.3,1,4,3,28.6,51.4,2,9,12,2,0
0,46.1,11,2,6,3,85.1,0,4,2,69.6,55.6,2,13,6,1,0
1,28,9,4,3,2,67.2,0,6,4,53.8,52.4,3,10,11,2,0
1,64,13,7,5,1,85.5,0,5,2,58.8,38.5,6,12,9,1,0
1,47.7,12,4,8,0,73.2,2,4,2,52.4,37.1,1,12,11,3,0
1,50.1,9,4,4,1,86.7,0,4,2,46.7,62.1,2,10,16,2,1
1,29.7,4,1,2,1,66.9,0,6,4,25,54.8,2,13,6,1,0
2,30.2,5,3,1,1,67.4,0,3,1,53.8,50,2,16,12,1,0
4,60.6,11,6,4,1,90.1,1,4,1,50,43.8,3,8,13,1,0
1,41.4,8,3,2,3,78.5,1,8,0,53.3,45,5,6,9,0,0
2,68.9,15,5,8,2,89.8,5,9,1,64.7,47.1,1,7,5,0,0
1,39.3,19,6,9,4,78.3,3,5,4,50,46.7,3,9,9,0,0
3,46.1,23,10,7,6,77.1,6,8,1,35.3,55,2,12,9,0,0
1,68,16,3,6,7,86.5,1,6,0,36.8,47.6,3,9,20,0,0
2,34.9,6,2,1,3,65.4,1,3,1,50,45.8,5,20,6,1,0
2,49.9,10,5,3,2,79.6,0,5,0,59.1,43.3,3,12,12,1,0
0,60.3,13,3,7,3,89.3,0,3,3,61.5,48.1,1,20,9,4,0
1,56.2,13,2,7,4,85,1,8,2,46.2,51.6,3,13,12,3,0
1,40.4,11,3,6,2,77.3,1,4,2,50,41.9,1,9,13,2,0
5,68.6,19,6,10,3,89.2,2,6,2,57.1,57.6,1,12,4,0,0
0,41.8,15,8,6,1,78.5,2,4,2,52.6,55.2,5,8,14,1,0
1,48.7,17,6,7,4,77.9,1,14,2,50,57.4,5,10,8,2,0
0,57.4,12,3,8,1,82.1,1,7,0,53.3,54.9,5,9,10,2,0
1,46.1,10,4,3,3,72.6,2,4,2,50,42.9,5,13,8,2,0
1,45.3,20,9,5,6,80.5,0,7,2,72.7,54.1,1,14,14,2,0
2,54,14,6,4,4,84.2,2,2,2,50,41.9,4,14,8,2,0
0,50.9,9,5,3,1,80.3,2,2,4,56,40.4,2,7,6,0,0
0,66.3,25,4,16,5,85,2,5,0,50,52.4,2,9,8,3,0
3,56.4,24,13,8,3,85.3,6,10,2,44.4,38.2,4,15,6,0,0
0,29,8,1,4,3,73.5,0,7,2,16.7,44.1,2,11,12,2,0
1,55.4,15,4,6,5,83.4,2,12,2,71.4,47.8,1,5,18,2,0
2,33.9,4,2,0,2,73.3,2,0,1,56,42.1,5,13,16,2,0
1,63.1,17,7,2,8,84.8,2,8,1,38.5,78.1,2,12,16,1,0
0,41.2,12,2,7,3,66.5,1,9,1,73.7,64.6,4,17,12,1,0
1,49.6,10,3,4,3,82.5,0,6,0,50,37,2,12,7,2,0
1,54.6,7,2,4,1,85,1,1,2,41.7,72.7,2,19,9,3,0
0,58.8,13,2,8,3,85.1,1,3,1,28.6,42.3,3,11,13,0,0
1,54.7,7,1,5,1,84.7,0,5,3,48,57.6,2,12,19,4,0
4,35.2,10,6,2,2,73.2,3,3,1,40,51.7,2,9,15,0,0
4,70.1,20,9,5,6,87.8,4,6,1,38.5,48.1,2,5,14,0,0
1,53,16,7,8,1,88.1,1,9,3,35.7,50,3,10,9,2,0
0,58.8,19,3,7,9,82.4,2,5,1,63.6,34.2,1,11,3,1,0
2,60.7,15,8,2,5,82.7,0,8,4,71.9,55.6,2,12,10,1,0
2,45.7,13,6,3,4,76.7,1,5,1,40,48.4,1,13,10,3,0
1,67.5,11,4,5,2,84.7,3,10,2,47.4,70.8,4,9,5,1,0
3,55.9,19,10,2,7,74.4,3,11,2,64.3,62.5,0,12,17,1,0
2,37.7,11,4,3,4,77.2,1,5,1,76.9,37.5,3,9,10,2,0
0,53.3,8,2,3,3,85.1,0,6,4,70,66.7,1,12,12,3,0
2,43.4,9,3,6,0,76,2,4,0,56.3,58.6,1,14,11,2,0
0,35.2,3,1,1,1,77.9,1,2,0,57.9,43.3,7,14,6,0,0
0,36.3,5,0,4,1,75,1,3,1,76.9,39.1,6,10,13,1,0
2,72.4,9,5,3,1,88.4,1,1,1,60,44.4,2,13,14,0,0
2,45.3,15,5,8,2,84.6,2,7,0,80,64.7,2,13,4,0,0
1,49.7,5,3,1,1,81,1,6,2,50,56.4,2,14,7,2,0
0,38.3,13,4,5,4,74.2,1,4,4,66.7,49.1,2,9,7,2,0
2,54.3,13,6,6,1,88.4,0,4,1,50,33.3,2,11,11,1,0
1,63.4,16,3,8,5,91.2,0,2,0,54.5,38.1,1,10,9,0,0
0,56.3,12,4,4,4,86.1,0,9,1,73.3,42.3,1,13,9,3,0
1,30.5,6,2,3,1,68.9,0,2,1,66.7,50,6,14,6,2,0
1,64.2,16,3,9,4,89.3,0,4,1,36.8,64.3,8,11,11,0,1
0,50.2,14,4,5,5,83.2,0,9,2,53.8,57.9,1,8,6,3,0
2,62.2,17,5,7,5,86.2,4,7,2,71.4,39.3,1,7,15,0,0
0,40.8,12,4,5,3,71.1,2,6,0,21.4,56.7,6,14,17,2,0
0,56.8,13,6,5,2,75.3,0,8,2,57.1,53.7,4,15,16,2,0
0,67.7,13,2,7,4,83.2,1,8,1,57.1,29.6,2,13,11,2,0
1,41.5,10,6,3,1,80.2,2,2,4,60,55.6,5,5,9,0,0
1,34.3,1,1,0,0,68.9,0,2,1,47.4,52.6,2,13,13,3,0
3,51.5,11,6,4,1,81.6,2,3,1,56,45.5,2,13,12,0,0
0,50.5,11,5,2,4,75.1,0,2,2,52.4,52.5,3,18,18,4,0
2,41.9,11,5,5,1,74.7,3,2,2,50,63.3,6,15,8,3,1
3,53.4,11,5,3,3,81.5,1,6,3,43.8,73.5,3,11,8,1,0
1,58.5,13,5,4,4,88.9,2,6,0,45.5,55.6,3,15,10,4,0
1,36.4,7,4,2,1,71.5,1,0,0,61.1,47.5,8,9,12,1,0
0,69.5,4,0,2,2,84.5,1,6,4,57.1,41.5,3,10,8,2,0
2,61.6,13,7,5,1,76.6,0,5,1,66.7,52,3,19,10,2,0
2,64.5,6,5,0,1,89.1,1,2,0,50,54.8,1,3,8,0,0
1,47.1,14,5,3,6,84.9,1,6,0,55.6,57.1,2,15,6,1,0
1,38,5,2,2,1,82.7,0,2,1,33.3,76.9,2,14,10,2,1
7,30.2,18,11,4,3,68.1,6,2,2,46.7,46.4,6,7,10,2,0
4,70.9,17,6,6,5,90,1,8,1,35.7,65.4,0,17,11,2,0
4,43.4,11,6,2,3,85.2,4,3,0,75,69.2,1,13,13,0,0
1,52.1,12,7,2,3,83,3,7,2,51.9,31.6,1,11,12,2,0
3,47.7,10,5,4,1,74.5,2,3,4,40,41.1,2,13,17,2,0
0,65,16,3,9,4,85.7,0,5,0,44.4,48.7,2,18,14,6,0
3,66,21,8,7,6,88.5,3,7,0,60,33.3,2,11,7,2,0
0,36.3,14,4,5,5,70.9,2,5,2,47.8,47.9,7,18,4,2,0
1,65.8,23,12,7,4,88.1,3,10,0,60,41.5,0,15,8,1,0
2,71.7,16,5,7,4,90.3,2,3,2,58.3,40,2,13,8,1,0
4,36.9,15,7,7,1,76.3,1,1,3,54.2,46.3,3,7,11,0,0
2,53.3,18,5,9,4,84.6,4,7,1,58.3,47.6,1,18,16,4,0
1,42.3,8,1,2,5,75.9,1,7,1,46.2,41.7,3,16,14,3,0
3,24.1,9,3,4,2,67.5,1,3,1,44.4,41.4,7,8,15,1,0
0,53.4,10,2,4,4,71.6,0,8,2,40,50,0,8,10,1,0
1,71.9,18,2,11,5,87.9,0,10,1,80,59.3,1,12,13,3,0
1,34.8,10,1,5,4,76.7,1,4,2,48,45.8,6,7,7,0,0
2,52.5,14,7,5,2,77,0,3,2,75,34,1,17,17,4,0
0,47.2,6,0,4,2,76.7,1,7,1,50,58.3,4,16,15,3,0
0,38.7,5,3,2,0,84.4,0,1,1,52.9,78.6,3,10,6,0,1
4,67.8,14,6,2,6,84.7,0,15,0,46.2,37.5,3,11,12,1,0
5,71.3,17,7,5,5,90.4,2,11,1,61.9,46.2,2,9,10,1,0
4,50.3,10,7,2,1,75.9,0,5,3,77.3,47.4,3,13,17,1,0
1,75.8,17,4,4,9,86,1,9,1,64.3,40.7,2,13,10,2,0
2,62.6,7,3,1,3,86.2,2,7,5,62.5,51.5,2,11,12,0,0
0,55.1,9,2,5,2,81.1,1,12,4,56.3,52.5,2,13,7,2,0
1,52.3,13,3,6,4,81.7,2,4,0,64.7,43.5,2,8,11,1,0
0,35.8,7,1,3,3,75.9,0,2,4,71.4,64,4,12,9,1,0
0,51.6,9,5,1,3,85.1,2,5,0,44.4,54.5,3,15,6,1,0
0,45.6,5,2,2,1,88.1,0,2,2,63.6,53.3,2,12,11,2,0
1,29.4,5,3,2,0,51.3,3,7,4,60,50,5,14,10,2,0
4,48.8,22,6,3,13,75.9,1,9,2,76.9,53.8,0,9,5,1,0
0,58.3,15,3,5,7,82.9,0,8,2,14.3,40.5,0,13,7,2,0
5,73.7,26,9,8,9,90,2,12,2,50,34.8,1,8,7,0,0
1,48.7,14,5,7,2,77.4,1,3,0,66.7,63.6,4,11,13,2,1
3,49.9,18,7,4,7,82.4,1,5,0,66.7,60.6,1,9,9,1,0
1,51.4,12,5,4,3,69.5,1,8,5,63.6,50,4,8,9,1,0
2,71.7,19,8,6,5,90.6,4,3,0,50,62.5,2,9,8,0,0
1,38.4,6,3,3,0,72.8,0,3,2,37.5,44.4,4,12,22,2,0
4,50.9,12,6,4,2,78.8,5,3,1,25,44.4,1,10,5,0,0
3,62.9,29,8,7,14,88.6,4,5,3,61.9,63.6,4,6,2,1,0
3,71.5,24,5,10,9,88,3,13,1,45.5,57.1,0,5,11,0,0
0,40.4,9,0,5,4,79.9,0,3,0,85.7,37.5,7,13,6,3,0
3,43.2,12,6,4,2,70.3,1,4,0,52,58.9,3,9,11,2,0
1,71.3,22,9,7,6,90.1,0,13,1,62.5,48.3,3,11,20,0,0
1,67.2,20,7,5,8,92.7,3,6,1,50,57.9,0,13,7,4,0
1,29.1,4,2,0,2,75.3,0,1,0,60,53.6,3,6,5,2,0
2,50.6,16,4,7,5,80,2,12,6,72.2,66.7,2,11,8,0,0
1,68.3,21,8,7,6,87.8,2,8,1,66.7,53.3,1,12,7,3,0
1,48.4,13,4,5,4,82.3,0,1,1,60,35.7,3,11,15,1,0
1,50.3,19,5,10,4,70.1,2,8,1,53.8,37.1,5,16,7,3,0
1,40.5,13,5,8,0,77.8,3,7,3,52.6,40.6,2,4,6,0,0
2,21.8,6,2,3,1,65.1,1,4,1,63.6,48.6,7,9,5,3,0
1,64,17,4,7,6,89.1,1,5,0,75,58.3,1,5,10,0,0
2,27.5,10,5,5,0,67.5,2,5,2,40,50,4,8,7,0,2
3,57.6,16,6,5,5,89.5,4,2,1,37.5,50,5,8,15,1,0
0,32.1,5,0,4,1,78.6,1,1,0,62.5,45.5,0,10,13,1,1
3,64.9,20,8,5,7,89.5,3,10,1,70.8,75,5,10,5,0,0
0,48.2,6,0,5,1,81.9,0,1,1,66.7,44.7,5,5,12,1,0
1,33.7,7,3,3,1,83.3,0,6,2,56.3,26.7,0,2,9,0,0
1,39.2,9,4,5,0,75.5,2,2,3,58.3,54.5,3,10,12,0,0
2,63.2,19,9,8,2,89.5,1,8,1,62.5,46.7,1,13,14,2,0
1,66,16,9,6,1,86.4,2,6,2,56.3,61.3,2,11,6,3,0
0,36.5,8,2,2,4,85.4,1,9,2,58.3,46.7,1,7,6,1,0
5,71.4,21,9,8,4,90.6,6,8,1,62.5,63.6,3,6,11,1,0
3,40.4,18,5,8,5,72,4,4,0,70,51.7,4,12,9,0,0
1,49,14,6,7,1,78.1,1,4,1,37.5,48.5,4,13,11,1,0
2,59.3,19,6,8,5,85.8,0,9,2,50,60,2,7,11,1,0
1,67.7,15,7,4,4,85.2,1,8,2,36.4,45.2,1,11,16,2,0
4,42,17,6,7,4,78.6,3,7,3,81.8,40.9,5,13,9,0,0
1,64.9,22,3,6,13,85.8,0,11,0,57.9,55.6,2,12,7,3,0
3,64.1,9,5,3,1,91.2,1,3,3,72.7,60,4,4,6,1,0
1,21.7,9,4,4,1,58.9,2,3,0,76.9,50,5,9,11,3,0
3,39.3,13,7,4,2,80.4,2,7,2,70,72,1,13,8,2,0
1,56.6,8,3,1,4,85.8,0,3,1,54.5,45.5,5,7,7,2,0
0,33.9,4,2,1,1,64.2,0,0,9,52.6,54.1,9,11,9,1,0
2,45.1,21,6,8,7,79.6,2,2,3,73.1,52.6,3,16,8,4,0
1,38.3,8,3,3,2,67.8,0,6,0,73.9,59.3,3,13,9,1,0
1,46.5,13,1,9,3,63.8,0,5,1,50,56.6,4,13,9,1,0
0,49.2,11,1,5,5,82.3,0,7,1,68.4,57.1,6,6,4,2,0
0,40.9,7,2,1,4,78.1,2,3,3,44.8,42.9,2,13,3,1,0
1,35.2,6,3,1,2,78.8,1,2,2,75,55.6,5,9,10,0,0
0,52.5,17,7,6,4,75.2,0,6,1,53.8,57.8,2,12,13,2,0
2,48.8,8,5,0,3,65.1,1,6,2,47.1,53.3,3,12,6,1,0
1,35.9,14,5,5,4,74.1,1,3,5,70,47.8,4,8,7,3,0
1,66.6,26,5,9,12,88.5,1,3,2,54.5,50,2,11,8,1,0
2,82.4,18,4,11,3,89.1,2,13,1,66.7,54.2,1,8,7,2,0
3,54.9,14,7,5,2,84.8,1,1,2,70,25,4,9,12,3,0
0,64.1,5,2,3,0,85.4,0,7,0,53.8,50,3,15,16,3,0
5,74,21,8,7,6,88.3,3,11,0,64,60,1,9,7,1,0
0,45.4,5,2,3,0,75.5,2,2,1,60,47.6,4,11,10,0,0
0,44,15,2,6,7,75.3,1,12,1,50,48.4,0,8,6,2,0
2,43,16,6,4,6,68.9,4,10,3,53.3,57.1,4,7,7,2,0
2,68,11,2,5,4,85.9,0,6,1,56.5,50,0,7,4,3,0
1,36.7,13,3,8,2,73.4,2,5,0,64.3,52.5,2,8,17,4,0
1,36.3,13,4,3,6,75.2,0,2,2,66.7,51.2,2,12,12,1,0
3,65.1,17,5,4,8,87.9,0,7,1,68.8,56,1,12,7,0,0
4,71.6,14,5,6,3,91.2,4,10,3,73.3,55,1,3,6,1,0
2,31.3,16,7,8,1,64,1,3,1,53.8,60.6,1,10,9,2,0
1,61,21,8,8,5,84.8,2,13,1,16.7,50,0,9,10,2,0
0,48.6,5,0,3,2,81.9,1,4,0,53.3,53.1,3,14,10,3,0
3,60.8,20,9,5,6,89.2,1,6,3,68.8,46.7,2,8,6,0,0
1,24.3,9,3,1,5,61.5,1,6,2,50,47.4,6,6,6,2,0
1,50.8,18,4,9,5,75.9,1,6,0,84.6,59.1,3,11,8,2,0
2,47.1,15,7,3,5,83.4,2,4,1,45.5,53.6,1,2,5,0,0
2,50.8,12,3,3,6,84,0,3,0,45,47.8,2,11,12,1,0
2,44.9,17,6,6,5,65.1,2,6,3,70,50,3,12,9,1,0
2,55.1,11,5,4,2,85.9,2,4,5,35.3,50,2,9,10,1,0
1,32.5,7,3,2,2,66.1,0,5,1,66.7,36.4,4,4,8,2,0
1,64.6,20,4,5,11,83.2,2,11,2,66.7,36,1,12,17,3,0
0,29,4,1,0,3,74.7,1,3,0,61.1,31,8,11,10,1,0
0,48.2,8,1,7,0,66.6,2,3,3,71.4,53.2,2,8,12,2,0
0,51.5,19,8,5,6,88.9,2,9,1,66.7,62.5,1,12,14,2,0
1,41.1,12,4,3,5,81.5,0,1,1,63.6,52.4,2,6,13,1,0
3,50.9,13,4,6,3,65.6,3,9,1,18.2,58.8,2,11,15,2,0
3,31.4,6,5,1,0,71,2,0,2,44.4,52.4,3,11,14,0,0
2,55.7,11,5,4,2,83.4,2,2,1,45.5,55.9,1,9,11,1,0
5,60.8,19,6,8,5,90.7,5,2,0,58.8,38.5,0,10,7,2,0
2,73.1,20,3,10,7,84.6,1,9,1,56.5,61.8,2,9,8,1,0
0,63,31,4,18,9,81.4,1,11,1,78.6,45.5,0,12,9,1,0
0,23.3,3,1,2,0,67.7,0,1,5,90.9,60.6,4,11,5,1,0
1,70.6,21,8,9,4,90.8,2,12,0,77.8,40.6,2,11,7,0,0
1,55.8,12,3,2,7,70.9,1,4,0,57.9,64,4,14,7,1,0
2,48.3,11,5,4,2,80,2,4,1,47.8,61.5,4,15,8,4,0
1,53.9,11,5,5,1,85.9,0,6,4,60,60,2,13,6,2,0
2,52.8,12,4,6,2,85.8,3,2,2,57.1,46.9,5,10,10,1,0
3,52.7,17,4,8,5,90.4,4,5,1,69.2,56.3,0,7,7,0,0
0,47,8,1,6,1,84.8,0,6,1,60,45.5,3,13,14,3,0
2,47.8,14,8,4,2,80.4,2,2,1,60,41.7,2,13,14,1,1
1,38.3,9,3,3,3,66.3,1,5,1,50,47,6,13,11,2,1
0,48.2,15,0,7,8,85.5,1,6,3,62.5,47.6,5,11,9,2,0
0,48.4,9,2,3,4,80.6,1,1,4,75,28.6,1,9,9,0,0
0,26.2,7,1,5,1,64.7,0,2,2,56.3,26.7,5,6,11,3,0
1,72.8,8,3,4,1,86.1,2,7,3,57.1,40,2,17,17,4,0
0,38,7,2,5,0,77.5,0,5,7,50,47.8,2,13,11,2,1
2,52.5,13,7,5,1,74.8,4,6,2,60.7,45.2,3,18,8,3,0
1,62.5,13,7,5,1,77.5,2,11,0,52.9,45.1,3,8,11,3,0
2,47.1,11,4,5,2,82.4,1,5,0,27.3,48.3,6,9,3,1,0
2,46,21,8,4,9,86.1,1,2,2,60,42.9,3,8,9,0,0
0,51.8,8,3,4,1,78.1,1,7,1,38.5,46.2,7,12,13,3,0
2,54.9,13,4,3,6,68.4,1,2,4,68.8,51.1,1,6,10,1,0
3,43.5,10,6,3,1,85.2,1,4,0,69.2,50,1,8,6,2,0
1,33.7,8,3,4,1,82.7,0,3,2,56.3,26.7,4,8,13,0,0
1,67.8,14,5,4,5,84.1,2,12,1,33.3,48.7,1,6,7,1,0
4,65.8,10,5,4,1,88.7,2,5,1,70,60,0,11,9,2,0
0,50.9,4,1,2,1,78.5,0,3,3,72,40,6,17,11,5,0
5,55,14,7,5,2,89.7,6,5,0,52,83.3,0,15,9,2,0
2,43,13,7,3,3,76.2,2,1,2,35.3,77.5,1,5,12,1,0
4,69.4,24,10,6,8,93,3,9,0,61.5,33.3,2,10,14,0,0
1,51,7,4,0,3,79.4,0,5,2,52.2,63.3,4,9,12,1,0
4,38.2,14,9,4,1,73.9,6,4,0,78.6,50,1,10,8,1,0
0,27.4,6,1,2,3,68.1,0,5,1,44,50,1,12,7,2,0
2,32.4,10,4,4,2,62.8,2,4,0,66.7,40,3,8,9,1,0
1,59.6,15,7,3,5,77,1,5,1,69.2,40,3,13,16,2,0
0,64,12,5,4,3,81.3,1,7,1,40,48.1,6,13,8,0,0
1,68.7,22,5,10,7,86.6,2,4,1,54.5,60,4,7,7,2,0
0,44.8,9,2,4,3,65.3,1,6,4,60,54.3,4,10,13,1,0
1,39,13,4,8,1,79.3,2,3,2,60,70,1,8,2,1,0
0,49.6,19,3,10,6,86.2,1,3,0,35.3,55.6,6,16,11,4,0
0,37.3,6,1,3,2,66.1,1,6,0,66.7,51.2,9,9,6,3,1
0,66.5,12,1,6,5,87.7,1,7,0,64.7,52.2,2,17,11,4,0
1,59.2,11,4,2,5,76.7,1,5,0,84.6,32.4,1,5,16,0,0
0,67.3,22,3,12,7,84.9,4,4,2,60,67.7,2,2,7,0,0
0,32.6,6,2,3,1,76.3,1,3,4,45.5,29.2,7,7,14,3,0
2,58.1,27,9,12,6,81.2,2,13,2,55.6,57.6,1,12,9,1,0
2,55.5,26,5,11,10,82.9,2,5,2,50,47.8,1,8,8,1,0
1,34.1,15,4,6,5,79.4,2,3,3,18.2,48.6,2,8,8,0,0
1,45.3,8,1,4,3,79.6,3,6,2,54.5,50,1,12,8,2,0
6,63.7,23,15,5,3,86.8,4,4,1,37.5,90,2,5,10,0,0
2,54.5,16,6,6,4,78.2,1,3,4,50,36.4,5,13,18,6,0
2,36.3,11,3,5,3,78.4,0,7,2,40.9,68,6,12,9,4,0
1,47,11,3,2,6,75.8,1,3,2,72.7,58.1,2,3,7,3,0
2,66.4,24,8,8,8,85.8,0,14,1,78.6,39.3,1,10,4,1,0
0,59.6,20,1,11,8,84,1,10,0,63.2,48.5,3,12,7,1,0
0,68.9,11,1,6,4,85,0,4,1,61.5,48,1,12,12,1,0
0,42.6,7,0,5,2,79.4,1,4,1,63.6,50,2,4,19,1,0
3,69.4,29,8,11,10,89.4,6,9,1,35.7,56.7,0,7,8,0,0
2,55.8,19,11,5,3,78.9,4,4,4,47.6,64.9,0,6,9,0,0
2,71.2,21,4,11,6,91.1,0,10,1,76.9,59.1,2,5,6,0,0
2,50,19,7,4,8,81.6,5,10,1,55.6,70,3,8,9,3,0
0,58.6,17,7,5,5,83.6,0,7,3,73.3,65.6,5,13,13,3,0
1,52.3,12,8,2,2,81.4,4,1,7,50,60,3,12,11,4,0
0,42.6,9,2,5,2,69,3,3,0,58.1,60,3,10,10,1,0
3,41.7,21,10,2,9,74.1,1,5,1,72.7,54.8,0,8,9,1,0
0,35.2,9,1,5,3,68.6,0,4,1,72.2,21.6,3,16,7,3,0
0,28.5,8,3,4,1,75.4,0,4,2,54.5,52,5,7,7,0,0
2,65,22,11,7,4,84.7,2,7,3,61.1,70.6,1,11,6,1,0
0,58.3,15,4,7,4,81.7,0,7,1,41.7,54.8,1,12,13,2,0
2,75.6,15,7,6,2,88.4,1,9,2,71.4,70.4,2,7,12,0,0
1,28.3,5,1,2,2,62.1,0,4,1,60,34.4,4,11,15,1,0
2,47.7,8,3,2,3,80.1,3,2,3,50,63.8,6,7,13,2,0
3,39.5,12,4,6,2,74.8,2,6,1,59.1,71.4,4,11,9,1,1
3,39.3,20,9,6,5,65.4,1,6,1,33.3,56.6,2,13,12,2,0
1,64.3,9,3,4,2,80.3,1,5,3,50,62.7,1,1,6,1,0
1,35.9,9,3,5,1,67,1,2,2,56,33.3,4,11,10,2,0
0,51.6,13,2,7,4,69.1,0,4,3,42.9,51.1,5,16,8,1,0
0,75.6,20,5,8,7,87.7,1,12,0,42.9,40.5,1,9,12,0,0
1,43.4,8,5,3,0,76.1,3,2,5,61.5,55.6,4,12,10,4,0
1,43.8,15,5,3,7,79.1,1,4,3,38.9,50,3,6,8,0,0
2,64.6,15,7,5,3,86.8,1,10,0,73.3,61.9,3,17,14,2,0
0,49.6,15,1,7,7,67.5,1,9,3,66.7,49.2,2,14,16,5,0
1,49.5,11,1,5,5,73.6,0,6,0,56.3,64.1,0,6,7,2,0
0,63,13,4,4,5,79,1,6,0,61.9,31.8,2,9,8,4,0
1,56.9,18,3,9,6,82.7,1,3,4,64.7,57.1,2,9,8,1,0
1,25.8,7,3,3,1,69.4,0,2,2,70,45.8,4,13,4,3,0
0,68.5,15,4,7,4,82.1,1,5,1,71.4,55.6,0,16,11,0,1
2,48.8,14,4,5,5,86.3,2,3,1,70.6,41.7,5,6,12,1,0
1,43.7,18,9,4,5,71.9,4,6,3,64.7,35.4,2,7,7,0,0
1,43.2,10,2,3,5,82.2,1,5,1,68.8,34.8,2,8,5,1,0
3,68.3,27,13,8,6,82.7,4,9,2,77.8,55.8,1,6,5,0,0
2,47.4,15,5,6,4,69.9,3,4,1,59.1,58.5,2,6,9,3,0
1,55.7,11,6,3,2,86,1,9,3,62.5,72.7,1,11,6,0,0
1,52,12,1,8,3,75.7,1,4,1,66.7,53.4,4,13,12,3,0
2,40.4,14,3,6,5,70.4,1,8,3,33.3,67.7,4,12,14,3,0
3,42.7,9,5,3,1,71.6,2,2,2,73.9,40.6,9,13,14,2,0
2,54.6,13,9,4,0,84.1,1,3,1,76.5,53.8,4,8,13,1,0
1,63.3,19,4,10,5,82.6,2,9,1,57.1,65.5,1,11,7,0,0
4,48.9,12,6,4,2,74.7,3,5,0,50,45.9,3,9,8,0,0
0,51.3,9,2,4,3,80.1,1,3,2,58.8,52,5,9,8,3,0
2,49.9,17,6,7,4,72.2,0,8,1,64.7,55.8,2,5,12,1,0
3,55.3,22,7,6,9,70.8,3,9,5,61.1,40.4,1,11,7,2,0
2,55.3,15,6,5,4,82.4,2,6,3,57.9,37,4,5,13,1,0
1,28.8,7,2,4,1,71.9,0,5,1,37.5,23.8,0,13,4,3,1
0,25.8,6,4,2,0,66.9,0,3,1,50,52.2,9,6,9,0,0
2,62.7,22,6,11,5,87.3,4,9,0,80,59.4,2,6,15,0,0
3,57.3,18,6,9,3,77.9,2,7,2,62.5,45.7,2,5,10,0,0
1,47.7,11,5,3,3,79.8,0,10,1,65.2,58.8,5,14,7,4,0
0,23.7,6,2,2,2,62.7,0,3,0,35.3,45.5,2,12,10,0,0
3,50.9,19,6,6,7,78.3,0,8,1,61.5,58.8,2,9,13,1,0
1,34.6,9,2,3,4,69.3,0,3,3,26.7,51.2,10,15,3,2,1
1,43,14,5,5,4,66.1,2,4,0,75,56.8,2,12,11,0,0
1,36.6,6,1,2,3,73.2,1,1,3,52.9,54.1,4,8,10,0,0
1,31.4,13,8,3,2,64.5,1,2,2,55.6,36,2,11,8,3,0
6,71.8,17,9,3,5,94.2,2,14,2,42.9,40,5,11,9,1,0
0,35.2,4,2,1,1,72.6,0,3,3,47.1,30.3,1,13,7,1,0
3,59.7,17,6,6,5,91,4,4,1,65.2,62.5,0,16,9,1,0
2,55.8,11,5,3,3,80.3,2,10,2,76.9,47.5,3,10,9,2,0
1,42.1,8,1,2,5,85.7,0,2,2,52.9,46.7,1,8,11,3,0
2,50.4,15,5,7,3,80.3,1,6,2,53.8,57.1,5,8,9,1,0
0,28.1,5,1,4,0,81.1,0,3,4,53.8,60,3,9,6,1,0
0,36.9,4,1,1,2,77.8,1,4,2,47.1,44,1,9,5,0,0
2,43.7,10,5,3,2,76.3,4,6,3,73.3,59.3,4,12,11,4,0
1,50.9,9,2,6,1,77,1,1,0,28.6,35.3,8,11,6,3,0
1,80.1,23,10,10,3,89.8,5,7,0,72.7,56.3,2,11,10,2,0
3,74.2,23,8,9,6,85.1,2,11,2,75,64,2,9,4,1,0
0,59.3,12,2,7,3,84.2,2,7,1,50,45,4,11,15,2,0
2,59.7,9,6,2,1,74.3,2,4,1,50,52.2,2,16,20,2,0
2,56.2,21,8,5,8,83.8,1,5,0,59.1,47.4,1,9,9,2,0
0,50.2,7,3,1,3,82.7,0,7,0,60.9,53.8,4,12,9,3,0
7,64.2,31,15,9,7,91.6,3,6,1,41.7,66.7,3,5,9,1,0
0,40.1,9,1,5,3,64.2,0,6,1,47.4,45.3,3,13,9,2,0
4,47.3,8,5,2,1,79.3,2,4,0,65,46.7,3,9,15,2,0
3,61.2,17,6,5,6,83.4,1,8,1,80,65.9,5,15,13,0,0
1,71,24,10,8,6,91,2,14,1,72.7,50,1,12,4,3,0
3,61.3,15,5,7,3,79.9,3,9,3,50,48.8,6,5,8,2,0
3,57.8,16,6,5,5,83.9,2,5,1,72.2,66.7,3,9,15,2,0
1,62.3,20,5,8,7,82,1,11,2,47.1,75,0,13,6,1,0
0,47.2,11,5,1,5,77.5,0,8,0,55.6,41.7,4,6,17,1,0
2,63.4,14,5,4,5,74.2,1,8,1,60,41,1,12,18,4,0
2,36.1,11,5,3,3,69.3,1,3,5,53.8,53.3,2,8,12,2,0
2,63.1,13,6,4,3,79.8,2,5,7,61.1,48.6,1,11,8,5,0
1,61.3,16,3,7,6,82.3,0,9,3,45.8,44.7,2,16,9,2,0
3,40.8,17,7,8,2,85.8,0,6,2,70,50,1,11,4,1,0
2,41.1,13,4,4,5,75.5,4,3,1,61.9,41.7,3,8,25,1,0
3,36.2,11,5,6,0,74.6,1,1,3,53.8,54.8,5,10,9,1,0
1,47.8,19,4,4,11,66.5,1,10,0,69.2,46.6,1,11,9,1,0
1,44.4,14,4,6,4,65.3,2,6,0,75,52.8,3,15,12,4,0
0,32.9,3,1,2,0,70,0,2,7,47.6,26.7,3,4,7,2,0
1,22.9,11,4,6,1,65.7,0,5,0,40,47.8,9,11,7,3,0
2,47,11,6,3,2,76.1,3,11,0,75,56.8,2,13,11,0,0
3,44.5,14,10,3,1,82.1,2,3,0,72.2,57.9,5,9,10,1,0
2,44.5,15,7,4,4,68.5,2,2,1,66.7,39.7,4,14,11,1,0
1,49.8,14,6,4,4,69.2,1,6,3,60,46,2,18,16,4,0
1,34.3,14,6,6,2,72.7,2,9,1,53.8,40.7,2,10,7,1,0
0,65.2,16,2,9,5,79.8,0,5,1,50,51.9,1,5,6,2,0
1,36,9,3,3,3,80.8,1,4,1,56,56,5,8,11,0,0
1,31.3,8,2,2,4,62.5,1,3,3,66.7,40.5,3,8,15,4,0
1,31.4,9,1,6,2,69.1,0,2,0,75,31.8,5,8,10,0,1
1,61.9,15,3,3,9,79.7,1,7,2,39.1,57.1,1,15,14,5,0
1,39.7,6,4,2,0,68,0,3,0,57.9,32.4,5,8,11,4,0
4,56.7,18,8,4,6,69.5,3,8,5,63.6,56.6,3,5,18,0,0
2,68.5,19,9,6,4,90.4,2,8,4,53.3,45.8,2,7,6,2,0
1,65.7,24,6,10,8,86.2,0,15,2,68.8,50,1,13,14,2,0
2,65.6,24,6,12,6,87.2,4,4,0,57.1,70.6,5,6,12,1,0
1,63.3,8,3,4,1,86.8,1,7,1,75,52,1,12,10,3,0
4,64.5,20,6,9,5,80.3,3,5,2,76.9,41.2,3,7,14,0,0
0,43.1,14,4,7,3,84,2,4,1,73.9,42.1,2,11,10,2,0
0,56.5,20,4,14,2,78,2,6,2,72.7,54.8,4,12,14,1,0
3,77.3,17,7,6,4,93.7,4,7,0,46.7,75,1,5,7,1,0
2,43.2,13,4,3,6,80.1,3,4,4,66.7,63.6,6,11,12,1,0
0,38.3,4,3,1,0,73.3,1,3,3,45,38.1,4,15,8,3,0
2,37,9,5,1,3,82.4,1,5,1,62.5,36,2,7,13,3,0
3,39.5,15,9,4,2,68.5,1,3,1,73.3,66,5,14,15,2,0
3,52.2,23,9,9,5,72.3,3,8,0,46.2,63.4,1,13,11,2,0
2,37,8,4,2,2,67.6,0,5,0,50,48.9,4,8,9,3,0
4,38.7,20,7,6,7,66.9,2,9,1,59.1,42.9,2,7,5,2,0
1,52.4,15,5,7,3,85.3,2,7,0,76.5,50,3,6,8,1,0
4,62.5,19,9,3,7,88.4,4,6,2,57.1,50,3,15,11,2,0
1,60.7,14,6,5,3,83.8,0,4,3,54.5,66.7,1,6,19,4,0
0,44.8,12,2,4,6,80.8,0,4,1,59.1,20.8,0,13,17,2,1
1,55.8,18,5,9,4,77.5,3,10,1,75,31.8,2,12,5,1,0
3,30.9,7,3,2,2,70.6,2,3,2,37.5,47.2,3,11,6,1,0
0,32.6,5,1,3,1,81.5,0,1,4,61.1,47.4,5,9,12,1,0
1,64.5,19,7,5,7,77.8,3,6,2,73.7,60.3,4,12,13,2,0
1,69.9,25,4,10,11,86.4,5,14,1,62.5,60.5,1,6,9,1,0
2,59.7,13,6,5,2,83.9,3,4,1,50,59.3,2,14,13,2,0
1,65.7,14,5,6,3,90.4,0,2,1,80,55,1,16,9,3,1
1,56.4,9,3,4,2,80.5,0,10,0,78.6,45.5,3,12,12,2,0
2,62,10,4,3,3,84.8,1,4,1,60,55.8,4,10,8,1,0
1,47.9,14,3,6,5,67.7,0,5,0,47.1,46.5,3,14,23,1,0
1,42.4,9,3,5,1,73.3,1,3,2,50,61,4,7,13,1,1
0,64.3,16,8,5,3,87.1,3,7,2,54.5,60,4,8,11,2,0
3,40.6,15,6,9,0,68.8,4,4,3,62.5,54.1,3,7,10,1,0
2,58.4,14,3,5,6,86.1,2,5,1,50,50,4,8,5,2,0
0,67.6,14,3,4,7,85.9,0,7,2,62.5,48.1,1,11,10,2,1
0,20.8,6,1,2,3,62.1,0,0,1,40,55.3,3,14,11,3,0
0,38.7,10,4,6,0,66.7,1,5,2,46.7,37.5,0,16,6,2,0
0,58.2,9,0,6,3,85.3,2,10,4,52.6,56.7,1,12,14,2,0
1,54.4,15,5,6,4,76.4,1,9,3,60,50,4,13,7,1,0
1,37.7,13,4,5,4,79.4,2,2,1,56.5,42.3,4,11,3,2,0
0,36.8,12,4,6,2,81.7,2,6,7,60,60.9,3,10,8,6,1
7,61.8,23,13,7,3,90.6,4,5,1,63.2,62.5,1,14,14,0,0
1,75,15,3,6,6,86.8,4,3,2,54.5,47.1,0,13,9,3,0
2,50.1,15,4,6,5,75.3,2,3,1,56,48,3,9,12,4,0
1,63,18,4,9,5,81.4,1,6,1,60,50,3,15,12,2,0
2,61.3,16,4,7,5,77.1,2,6,1,45.5,32.6,3,10,10,1,0
1,47.7,10,5,4,1,84.2,0,7,2,68.8,73.7,8,10,6,2,0
3,53.8,22,9,8,5,81.3,1,7,1,76.9,40.7,3,17,10,2,0
2,53.6,17,6,7,4,87.1,1,6,0,52.9,28.6,4,7,3,1,0
0,39,15,2,9,4,73.1,1,7,0,63.2,60.6,3,3,2,0,0
2,35.5,7,1,4,2,79.3,1,2,0,61.5,65.7,1,13,4,4,1
0,23.8,6,2,3,1,65.5,0,1,8,71.4,65.5,4,4,10,0,0
2,48.3,14,5,7,2,80.3,2,6,1,58.3,53.8,1,8,17,2,0
4,48.8,22,11,6,5,85.2,2,4,2,58.3,57.9,4,5,17,0,0
2,70.6,15,6,5,4,89.5,1,6,0,54.5,39.3,2,11,5,1,0
0,35.1,15,3,5,7,69.9,1,8,0,88.9,40,3,5,14,3,0
1,45.3,19,5,12,2,76.2,1,8,1,68.2,58.8,0,16,14,2,0
0,43.9,17,7,3,7,75.3,1,5,1,43.8,67.3,0,13,8,1,0
2,60,18,4,9,5,80.1,0,1,2,43.8,55.9,3,15,11,2,0
2,56.3,17,8,6,3,79.7,3,5,0,57.1,48.8,2,11,14,2,0
1,59.9,18,5,6,7,72.9,1,11,2,53.3,50,4,16,13,2,0
2,48.5,6,4,0,2,84.4,3,3,2,70.6,50,1,10,12,3,0
1,71.8,13,6,6,1,86.7,3,10,2,42.9,41.9,1,10,9,1,0
0,56.1,14,4,3,7,76.6,1,9,2,53.8,64.3,2,13,3,5,0
3,61.6,20,9,6,5,85.7,5,7,1,62.5,77.8,1,11,13,1,0
1,66.9,20,4,10,6,81.5,0,6,0,78.6,44,1,10,15,0,0
2,51.9,7,3,3,1,84.3,2,0,2,68,44,1,15,5,0,0
0,58.2,21,2,12,7,84.5,0,8,1,31.3,69.6,2,8,5,2,0
1,46.9,8,3,2,3,83.1,1,6,1,52.9,31.8,3,12,9,2,0
0,57,18,6,5,7,83.7,0,5,3,69.2,48.3,2,12,8,0,0
3,46.6,12,7,4,1,82.8,1,4,2,68.2,57.7,3,12,12,2,0
0,40.9,5,0,1,4,82.6,0,4,3,46.2,66.7,2,12,9,3,0
0,59.6,28,4,11,13,76.5,1,5,2,66.7,63.3,2,9,11,2,0
2,46.8,11,4,3,4,82.1,2,6,1,44.4,36.4,2,12,9,2,0
1,53.5,15,5,4,6,81.2,1,5,2,56.3,50,5,10,5,3,0
2,67.1,22,5,6,11,83.7,2,8,1,82.4,52.6,2,10,8,2,0
1,52.2,15,4,6,5,76.9,1,5,1,53.8,41.5,5,19,10,4,0
3,32.7,12,4,6,2,66.8,3,2,4,42.9,52.1,3,8,7,1,0
2,37.1,12,5,4,3,76.1,0,4,3,68.4,62.1,2,8,9,2,0
1,39.9,13,4,5,4,83.5,1,2,2,50,57.1,8,5,6,0,0
0,47,8,2,4,2,82.3,1,5,0,60,40,6,4,15,0,0
0,61.9,11,0,8,3,84,2,4,2,44.4,46.2,1,10,6,4,0
0,45,18,3,10,5,74.2,0,8,4,38.5,56.9,2,9,8,2,0
3,59.9,25,10,5,10,84.1,2,10,1,52.4,75,2,17,9,3,0
0,63.9,16,1,8,7,87.2,2,8,4,76.9,59.5,2,5,10,0,0
1,48.7,12,5,3,4,81.1,1,4,1,64.7,54.5,5,10,14,1,0
3,55.6,15,3,6,6,80.2,0,5,0,70,60,1,7,10,1,0
1,35.4,17,7,8,2,70.1,1,4,1,58.8,60.9,9,9,11,2,0
3,51.7,14,6,4,4,74,2,4,2,60,54.2,5,3,5,1,0
0,44.1,9,4,4,1,81.2,0,2,2,50,46.7,5,9,7,2,1
3,62.3,18,4,7,7,82.7,1,8,0,76.5,40,1,13,11,2,0
1,51.9,30,7,13,10,83.5,2,8,2,68.8,54.3,1,9,11,1,0
0,41.3,7,1,6,0,74.4,1,1,0,81,57.7,1,9,12,3,0
0,39.5,6,1,3,2,81,1,5,2,55.6,60,7,4,10,1,0
4,64.1,21,7,9,5,90.2,4,7,1,57.9,53.8,2,9,2,1,0
0,41.8,11,3,5,3,79.5,0,5,0,50,51.5,3,10,12,3,0
0,44,6,2,4,0,82.7,0,6,1,55,70.6,4,15,13,3,0
3,56.8,12,4,6,2,83.2,1,4,2,40,53.3,6,11,10,1,0
1,35.9,12,3,5,4,68,2,5,2,69.6,64,1,13,9,4,0
1,57.6,15,8,4,3,87.8,0,10,2,57.9,56.5,2,8,14,3,0
0,44.1,15,6,6,3,81.7,1,5,5,56.3,57.7,2,7,9,3,0
5,80.4,25,10,5,10,91.5,6,14,1,71.4,59.1,0,5,7,1,0
1,46.5,7,5,2,0,73.9,1,3,1,46.2,51.2,1,15,13,3,0
0,65.6,14,3,5,6,86.4,0,4,1,64,47.1,3,7,8,1,0
2,36.3,10,5,5,0,69.3,1,4,5,58.1,53.3,4,11,5,3,0
1,44.3,14,4,6,4,77.2,1,9,2,83.3,48.1,1,8,9,2,0
2,45.7,14,4,3,7,78,1,5,1,31.3,34.1,0,10,5,1,0
1,65.7,24,7,12,5,86,2,12,0,56.3,61.8,2,13,3,0,0
4,51.4,19,7,10,2,85.9,3,10,2,73.3,67.7,0,8,8,0,0
1,36.4,8,3,4,1,69.1,1,7,0,56.5,40.7,2,12,10,2,0
0,57.8,25,6,9,10,83.8,1,5,2,62.1,58.6,5,9,7,1,0
0,35,6,3,2,1,79.4,1,9,5,85,37.9,3,10,3,3,0
2,66.5,27,9,10,8,82.4,3,8,3,57.1,50,3,6,12,0,0
2,47.3,10,2,7,1,78.5,0,3,3,76.9,48.6,1,8,16,3,0
0,52.7,7,2,5,0,75.2,1,3,1,46.7,55.3,3,12,8,3,0
2,70,17,4,6,7,85.3,1,8,0,47.4,48.5,6,6,12,2,0
5,66.9,16,4,6,6,93.7,3,6,2,57.1,75,0,13,6,1,0
2,56.9,13,3,5,5,85.8,1,7,1,57.9,48.6,1,11,6,4,0
2,46.4,17,3,7,7,84.8,1,7,1,62.5,37.5,4,4,3,1,0
1,34.4,13,3,5,5,77.5,0,3,3,60,42.4,4,11,8,2,0
5,48.6,16,8,5,3,79.1,3,5,2,66.7,55,2,11,9,1,0
1,35.9,14,3,8,3,69.9,1,7,1,75,56.5,4,10,7,2,0
3,61.7,13,6,5,2,91.9,0,5,0,42.9,31.8,1,15,11,0,0
3,48.1,14,6,5,3,69.7,3,6,0,39.1,56.8,2,13,14,2,0
1,56.3,9,5,3,1,86.5,0,5,5,73.3,45.5,3,6,10,1,0
3,37.9,13,7,4,2,73.8,1,2,0,40,58.5,0,18,13,3,0
0,50.1,14,3,8,3,84.8,1,3,2,68.4,36.4,3,4,14,1,0
2,35.3,8,3,5,0,65,1,2,1,60,45.9,4,12,7,0,0
5,51,14,8,4,2,89,3,8,1,82.4,47.8,0,8,10,0,0
2,40.3,12,5,5,2,75.3,4,4,0,42.9,52.2,3,15,16,4,0
1,34.4,11,4,4,3,79.3,2,3,3,64.7,50,2,12,8,4,0
1,64.4,22,5,9,8,88.9,2,10,2,42.9,54.5,3,9,11,0,0
1,66,15,3,8,4,85.7,1,5,2,40,58.3,3,9,13,0,0
1,37.8,13,6,5,2,73.1,0,9,0,50,53.8,1,11,12,1,0
1,52.1,19,2,7,10,77.3,1,12,1,54.5,54.5,3,8,5,3,0
2,48.2,13,4,6,3,87.8,2,3,2,63.6,68.8,2,8,9,1,0
2,53.2,21,8,7,6,84.2,4,5,1,78.9,46.4,2,14,10,1,0
4,30.9,15,10,5,0,74.5,1,2,0,71.4,54.5,4,4,10,0,0
4,41.1,18,9,4,5,84,4,3,0,52.6,33.3,4,12,6,1,0
1,39.6,20,7,6,7,84.2,2,5,2,50,42.9,3,16,10,2,0
0,77.6,23,4,13,6,89.5,1,12,1,33.3,59.4,1,9,5,2,0
3,58.8,19,9,4,6,80.9,4,9,1,72.7,73.9,2,6,10,1,0
3,63,26,8,11,7,91.7,1,4,1,69.2,73.3,0,8,9,2,0
1,64.6,15,2,7,6,91.5,2,5,2,75,44.4,6,12,9,0,0
1,61.8,22,8,6,8,86.2,2,8,1,50,59.1,1,11,8,1,0
0,41.5,10,4,3,3,85.4,1,3,0,58.3,35,4,6,7,1,0
2,49.5,11,4,3,4,75.3,2,7,2,43.8,52,3,13,12,3,0
1,66.3,10,5,1,4,84.3,1,9,4,61.1,65,2,16,12,3,0
1,53.2,13,5,6,2,78.7,0,1,1,41.7,37.5,3,18,9,5,0
1,18.3,6,2,3,1,49.7,0,3,1,66.7,25,3,11,10,3,0
4,33.7,22,9,6,7,70.9,5,6,1,90.9,68.2,1,17,16,2,0
0,33.1,4,4,0,0,69.5,1,4,3,47.2,52.2,2,11,17,2,0
2,53.1,24,10,9,5,81.2,5,7,3,55,48.6,4,5,3,1,0
0,36.8,7,3,3,1,85,1,8,1,68.8,50,1,12,4,1,0
0,40.9,14,2,8,4,76.7,1,5,1,30,42.1,3,13,16,1,0
2,36.1,9,4,3,2,64.4,0,2,0,52.2,37.9,3,16,13,3,1
2,48.7,8,4,4,0,85,3,8,2,72.7,42.9,1,9,13,3,0
2,76.1,14,6,3,5,89.1,1,2,1,64.3,55.2,0,13,15,3,0
2,59.8,17,5,7,5,85.6,2,11,2,72.7,42.3,0,5,12,0,0
2,48,27,9,11,7,81.8,4,11,0,61.5,53.3,0,9,9,3,0
0,35.6,5,1,2,2,77.9,0,1,4,56.3,63.6,1,17,9,2,0
5,57.1,17,7,5,5,82,2,2,1,63.6,64,6,13,15,0,0
1,77.7,23,5,9,9,88.7,2,15,1,63.6,45.7,1,11,13,1,0
4,35.9,9,4,3,2,69.6,1,2,3,40,60,2,16,9,1,0
0,54.3,12,5,4,3,79.7,2,9,0,50,58.6,5,16,11,2,0
1,34.6,15,4,5,6,76.2,2,5,1,41.2,53.1,4,4,8,0,0
1,34,10,4,4,2,75.4,1,7,1,56.3,50,2,9,9,1,0
2,80.9,18,6,10,2,91.1,2,10,4,71.4,52,1,3,15,0,0
1,57.5,8,3,3,2,84,3,8,1,46.2,63.3,2,15,13,3,0
1,38,6,2,2,2,73.5,1,5,3,69.2,32.1,3,20,9,3,0
1,53.9,15,5,6,4,81.5,2,7,1,55.6,50,2,19,9,4,0
1,59.6,22,6,11,5,86.3,0,8,0,53.3,63.2,5,10,13,4,0
1,57.1,15,3,9,3,85.2,1,7,3,57.1,66.7,3,10,7,0,0
3,68.9,16,7,7,2,90.7,6,6,1,56.3,41.7,2,8,8,0,0
3,54.8,16,10,3,3,86.6,1,7,1,33.3,37.5,3,10,10,0,0
2,55.3,15,6,4,5,74.1,3,2,6,52.6,47.6,6,10,11,4,0
4,42.1,12,7,2,3,73,2,2,2,50,34.3,5,12,14,1,0
1,37.4,4,1,1,2,81.3,1,2,3,63.6,46.9,7,9,10,1,0
1,57.1,14,6,6,2,84.9,1,1,7,78.6,50,1,16,7,2,0
3,63.4,22,5,9,8,81.9,3,11,1,41.2,75,2,7,8,1,0
4,67.6,12,4,4,4,88.3,2,5,0,68.8,74.1,3,12,6,3,0
4,59.9,16,6,4,6,78.7,0,8,1,61.9,57.4,1,9,17,1,0
2,68.9,14,8,3,3,84.7,0,6,1,55.6,48.9,2,6,13,1,0
6,57.2,22,8,7,7,88.2,4,2,2,60,90,2,14,11,1,0
1,39.6,13,5,5,3,65.3,0,3,3,50,55,3,8,6,2,0
0,56.5,11,2,6,3,82,0,6,4,78.9,45.5,1,9,10,0,0
2,39.9,18,7,7,4,81.4,4,6,2,68.4,52.2,5,8,7,1,0
3,24.8,12,5,5,2,66.8,1,2,1,61.1,47.4,6,7,7,2,0
0,72.9,15,4,8,3,88.2,1,5,0,50,55.9,0,5,13,1,0
1,27.4,7,2,4,1,69.8,0,3,1,84.6,36.4,2,6,8,0,0
4,51.9,14,9,3,2,85.1,4,1,0,72.7,55.6,1,13,13,3,0
2,41.2,9,3,4,2,73.8,0,6,2,38.1,55.9,4,13,14,5,0
1,51.8,14,3,4,7,83.7,0,8,0,63.6,65.2,0,6,18,3,0
1,40.8,13,3,6,4,64.2,3,3,4,50,47.1,2,14,15,4,0
0,64.6,17,5,7,5,87.1,1,8,0,63.6,48.4,6,7,8,1,0
6,57,25,8,5,12,86.4,5,9,2,53.8,71.4,2,7,13,0,0
2,49.3,12,5,3,4,74.9,0,8,5,57.9,42.1,2,10,15,1,0
1,42.5,16,5,6,5,68.2,3,8,6,37.5,58.1,1,12,8,3,0
0,56.9,12,2,5,5,74.6,0,8,1,73.3,41.9,5,12,13,1,0
2,41.8,15,8,4,3,74.2,1,1,1,54.5,55.3,2,17,16,1,0
3,81.1,18,6,7,5,87.7,5,9,2,57.1,57.6,3,9,12,0,0
3,74.2,25,6,11,8,86.1,2,7,1,58.8,57.7,3,10,14,1,0
1,26.4,13,3,7,3,68.9,1,4,1,53.8,52.6,1,6,11,0,0
2,28.5,16,3,6,7,69,2,7,4,47.1,54.8,3,11,8,1,0
0,31.8,6,0,4,2,65.1,2,4,1,55,46.4,5,9,8,2,0
3,52,16,6,6,4,78.2,3,7,1,61.1,42.1,2,13,15,1,0
1,42.6,8,2,5,1,81.4,0,2,1,72.2,52.9,9,11,11,2,0
1,46.5,15,7,6,2,74,3,4,1,71.4,50,4,10,6,3,0
0,58.2,11,4,4,3,84.2,1,6,3,46.7,58.8,0,6,12,3,0
2,57.4,24,8,8,8,81.4,3,8,1,64.7,67.7,3,8,8,1,0
2,50.6,11,9,0,2,79.5,0,5,0,52.4,35.5,3,12,7,1,0
3,70.6,12,4,5,3,92.2,1,6,0,54.5,31.8,3,8,7,1,0
1,48,11,7,4,0,75.7,1,2,2,55.9,41,2,11,8,3,0
2,59,21,6,10,5,82.3,6,5,2,54.5,51.9,3,11,10,4,0
2,63.8,29,11,10,8,87.1,5,10,3,60,50,1,10,9,0,0
2,65.3,8,3,4,1,85.7,1,1,1,66.7,44,2,7,17,3,0
1,41,12,6,4,2,75.5,0,6,2,87.5,53.3,3,10,14,0,0
0,76.6,16,3,2,11,88.2,1,11,0,52.9,38.5,5,10,10,1,0
0,50.8,14,4,8,2,75.4,1,6,3,42.1,47.4,6,10,13,0,0
2,35.2,9,3,4,2,77.3,0,3,2,58.8,33.3,3,15,12,3,0
1,37.6,9,4,3,2,74.5,0,8,2,59.1,36,1,14,9,2,0
1,27.2,4,1,2,1,75.3,1,0,0,81.8,35,4,6,10,0,0
1,64.7,18,3,8,7,85.7,1,12,2,73.3,57.5,1,9,13,3,0
1,42,7,2,3,2,73.6,1,7,0,38.5,38.7,2,11,12,2,0
0,36.7,14,3,6,5,78.2,1,5,1,44.4,46.2,4,11,4,1,0
2,62.4,21,6,6,9,81.2,1,11,3,60,60.5,0,11,12,1,0
1,35.9,9,4,4,1,74.5,2,4,2,68.4,37.5,3,10,14,2,1
0,49.6,12,3,7,2,83.7,3,3,4,75,44.4,3,6,17,1,0
1,39.3,15,6,5,4,80.4,1,3,1,65.2,46.4,0,10,14,0,1
1,43,12,2,7,3,73.4,2,5,1,67.9,38.7,3,10,11,0,0
2,45.7,22,6,9,7,77,3,7,1,68.2,63.6,1,8,12,0,0
4,68.1,17,8,3,6,91.9,3,7,3,0,12.5,0,9,12,1,0
4,67.1,13,6,2,5,85.5,5,4,5,60,62.5,4,11,12,0,0
2,42.7,12,7,3,2,76.6,2,4,1,76.5,52.2,1,15,13,1,0
3,72.2,33,15,8,10,87.1,4,14,2,66.7,61.5,2,16,9,2,0
2,51,31,9,8,14,80,2,10,1,66.7,46.9,1,12,16,3,0
1,27.6,17,7,7,3,68.9,0,4,2,53.3,51.5,0,14,13,3,0
0,69,27,8,15,4,90.5,2,13,2,72.2,45.8,0,14,16,3,0
4,62.2,15,5,5,5,86.7,1,5,2,60,62.1,4,8,10,0,0
3,55.8,20,9,3,8,85.2,5,9,0,62.5,43.8,3,8,13,1,0
1,52.9,11,2,2,7,77.3,0,8,1,77.3,51.6,0,10,11,1,1
3,50.4,19,7,7,5,84.9,2,10,2,76.9,41.7,0,13,7,1,0
2,65.9,23,8,9,6,83.1,4,5,2,71.4,59.3,0,15,8,3,2
2,68.9,20,7,3,10,83.9,0,8,2,73.3,67.9,1,8,12,2,0
1,38.4,5,3,2,0,67.4,0,3,1,75,34.2,2,17,9,5,0
1,57.1,11,5,5,1,84.3,0,1,2,55,76.9,3,13,19,1,0
0,66.4,7,1,3,3,82.4,0,3,1,37.5,41.5,2,14,8,1,0
0,44.7,12,2,6,4,82.7,0,4,2,57.1,59.3,4,10,9,0,0
0,46.7,10,4,3,3,78,2,7,0,43.5,68.8,4,12,9,2,1
1,40.8,17,6,8,3,82.4,2,13,6,55.6,60,3,9,6,1,0
2,42.1,19,8,3,8,78.8,3,10,0,46.2,52.2,3,11,10,1,0
1,30.7,5,2,3,0,65.5,2,3,2,63.6,54.8,5,7,9,2,0
1,33.3,13,6,6,1,62.6,1,5,3,56,43.9,3,11,12,2,0
2,38,12,4,3,5,82,0,4,3,71.4,29.4,2,12,9,1,0
1,48.4,17,7,4,6,83,3,2,0,73.3,65.5,3,10,10,1,1
3,55.2,15,7,3,5,87.1,0,2,1,60,60.7,4,13,13,3,0
0,32.2,4,0,0,4,75.2,0,2,3,72.7,42.9,3,11,17,2,0
3,36.2,14,6,7,1,66.8,3,2,3,68.2,69.2,3,12,16,0,0
2,57.1,10,4,2,4,76.7,0,3,0,70.8,41.2,1,11,16,3,0
7,59.6,18,8,5,5,78,6,4,0,82.4,42.9,4,13,13,2,0
2,56.3,11,3,6,2,86.5,2,8,0,46.2,56.3,2,8,12,2,0
3,80.1,31,9,10,12,88.6,1,17,0,58.8,55.9,2,6,8,0,0
1,58.1,8,1,4,3,87.8,1,2,0,61.5,66.7,0,14,17,2,0
4,65.8,20,9,7,4,90.5,2,7,0,50,57.1,2,6,7,0,0
1,57.2,13,3,8,2,87.6,3,5,2,65.4,46.7,2,11,7,2,0
1,46.5,8,5,3,0,81.5,2,4,3,50,47.4,6,11,17,1,0
1,34.9,11,5,2,4,68.8,0,3,4,42.9,31.6,0,12,10,4,0
4,73.1,15,5,5,5,87.6,4,5,4,100,42.3,5,5,12,0,0
2,56.8,15,6,6,3,83.1,3,5,1,83.3,42.9,1,13,13,2,0
2,41.2,8,3,4,1,82.2,1,4,0,59.3,60.7,2,10,9,2,0
0,46.5,15,5,7,3,78.5,0,5,1,50,48.6,3,12,10,2,0
1,60.6,14,4,6,4,84.6,0,9,2,65.2,52.2,2,15,13,2,0
0,34.1,1,0,1,0,68.9,0,0,4,66.7,47.1,1,14,9,0,0
4,49.1,18,5,8,5,78,4,12,1,69.2,52.1,3,8,5,0,0
1,34,13,2,5,6,83,0,4,1,53.3,52.6,2,10,9,2,0
0,36.2,6,0,4,2,74.5,2,5,4,68.8,50,4,11,14,2,0
1,50.5,10,5,2,3,81.3,2,4,1,55,36.7,1,12,15,2,0
3,56.9,26,8,9,9,84.6,6,6,0,69.6,69.6,3,9,8,0,0
2,57,16,6,4,6,84.6,2,4,0,68.4,48.7,1,16,8,2,0
2,33.4,7,5,1,1,76.8,0,2,0,72,48,2,13,3,2,0
1,58.7,12,5,6,1,82.4,1,2,3,50,60,3,10,8,2,0
0,65.3,21,7,10,4,87.7,5,10,4,40,59.3,1,12,13,0,0
0,61.3,17,5,5,7,85.9,2,8,3,76.5,52,3,16,25,3,0
1,50,15,6,7,2,73.4,2,6,1,56.5,47.4,0,8,6,2,0
1,27,4,1,2,1,65.1,1,0,2,61.5,56.5,5,8,6,1,0
0,68.6,15,4,5,6,84.4,0,12,2,68.8,44.2,0,12,8,3,0
0,37.4,14,4,7,3,82,3,6,3,90,68.8,5,3,8,1,1
1,63.5,10,1,4,5,83,2,1,0,38.5,44,2,11,13,2,0
2,59.1,15,6,4,5,86.3,2,3,4,71.4,57.1,1,8,16,1,0
0,33,16,6,4,6,67.7,1,7,3,56.5,57.1,3,10,13,2,0
3,67.2,17,9,3,5,90,4,8,1,42.9,66.7,1,13,14,1,0
1,28.2,10,2,5,3,75.7,1,5,3,60.9,45.5,3,9,11,1,0
1,69.2,23,7,10,6,86.4,1,7,1,60,28.9,1,9,9,0,0
1,25.8,6,1,2,3,70.4,0,1,3,73.7,38.5,6,10,11,4,0
2,50,16,3,11,2,79,2,5,1,50,52.9,1,9,11,0,0
4,48.9,15,7,6,2,78.4,2,1,2,63,27.8,3,14,9,5,0
1,40.9,17,2,10,5,70.5,0,5,0,68.8,67.4,0,12,13,2,0
1,33.2,11,5,5,1,66.7,2,4,2,55,51.5,6,8,10,2,0
2,65.9,24,7,9,8,81,1,6,1,57.9,50,1,7,11,1,0
1,30.1,6,2,2,2,54.5,0,0,2,65.4,48.3,4,15,14,4,0
1,35.2,12,3,5,4,74.6,2,4,2,57.1,36,5,19,14,2,1
1,29.5,12,4,5,3,71.4,4,7,3,61.1,58.6,2,13,7,4,0
2,63.2,19,4,6,9,86.7,0,11,2,66.7,54.5,1,10,10,0,0
3,48.3,14,4,6,4,69.2,3,4,1,53.8,44.4,5,10,9,1,0
1,71.8,20,6,7,7,89.3,2,7,0,52.9,29.2,2,14,7,3,0
2,53.1,14,5,5,4,85.4,0,5,1,57.1,57.9,2,9,8,1,1
3,41.8,12,6,5,1,74.9,3,2,1,62.5,46.7,2,9,5,1,0
1,62.7,8,2,3,3,80.6,3,4,0,61.5,57.1,0,11,12,2,0
0,66.9,12,3,7,2,85.8,1,6,3,54.2,52,4,16,12,1,0
0,52.9,10,5,4,1,82.1,1,3,2,52.6,30,2,10,10,1,0
0,58.5,9,5,1,3,73.7,0,2,1,47.1,50,0,10,18,2,0
3,55.3,13,7,5,1,89.6,4,5,1,62.5,60.9,1,10,10,1,0
3,57.2,25,5,7,13,81.3,2,12,1,66.7,40.7,2,8,9,1,0
0,47.5,15,3,6,6,78.6,1,5,5,72.2,40,2,16,9,3,0
1,42.4,16,4,8,4,72.4,2,4,2,54.5,52.6,4,10,7,1,0
2,36.6,9,2,2,5,79.4,0,5,0,68.8,60,2,9,9,0,0
0,36.5,8,5,2,1,70.8,1,2,3,44,62.2,4,19,9,1,0
2,32.2,11,4,3,4,79.5,2,4,1,52.9,48.6,2,9,5,1,0
0,39.2,6,1,1,4,67.1,0,3,0,58.6,47.4,7,13,7,4,0
4,57.9,16,6,5,5,87.7,3,8,0,73.3,50,1,10,13,1,0
1,39.4,10,5,3,2,73.7,0,3,0,45.8,59.1,3,9,10,1,0
1,62.5,15,5,5,5,84.6,3,11,3,54.5,66,5,10,17,2,0
1,62.3,20,5,7,8,82.2,2,10,2,72.2,46.2,0,6,12,1,0
0,50.6,17,7,4,6,82.6,2,4,1,64.7,62.9,4,16,13,4,0
2,29.4,8,4,1,3,74.2,4,1,6,53.3,47.4,0,15,5,3,0
3,60.8,16,9,3,4,88.2,2,7,4,56.3,58.3,2,9,14,1,0
1,52.2,12,4,5,3,73.4,1,6,3,60,44.7,3,7,17,0,0
2,38.8,15,5,4,6,75.4,3,3,2,42.9,54.2,1,11,11,1,0
1,58.5,17,4,6,7,83.9,0,4,4,60,45.7,3,10,7,0,0
2,49.9,12,4,7,1,74.4,0,5,2,55,47.4,2,5,9,1,0
2,53.4,11,5,4,2,72.7,1,0,2,46.4,59.3,2,12,18,2,0
2,47.4,8,3,3,2,80.6,1,5,3,54.5,66.7,9,12,16,4,0
0,47.7,8,2,3,3,85.2,0,3,2,39.3,40,2,9,9,2,0
0,62.5,8,0,6,2,78,1,6,1,50,45.5,0,14,17,2,0
2,63.3,14,6,6,2,79.4,1,8,3,68.4,47.9,0,11,18,3,0
1,55.9,13,4,3,6,87.6,2,7,1,45.5,40.9,2,6,12,1,0
0,46.7,19,4,9,6,82,0,10,1,59.1,29.6,2,11,8,1,0
0,66.8,17,4,8,5,85.8,0,5,1,61.5,42.9,1,10,16,4,0
1,48.9,10,4,5,1,87.7,0,5,1,62.5,23.5,4,8,10,3,0
0,61.4,15,6,6,3,81.8,3,6,0,82.4,56.5,1,12,11,2,0
3,58.5,18,6,6,6,85.5,4,6,0,66.7,40,4,13,7,0,0
3,27,10,7,2,1,49.8,1,4,7,41.2,48.4,4,5,8,1,0
0,59.3,6,2,2,2,86,1,5,1,57.1,58.8,2,15,9,4,0
1,27.7,12,5,4,3,76.6,0,1,2,55.6,46.2,1,16,14,2,0
0,45.7,10,3,1,6,76.4,0,7,1,37.5,41.2,6,11,10,1,0
0,58.9,6,2,3,1,75.2,0,2,1,58.8,52,4,17,11,4,0
2,62.5,8,2,5,1,80.1,1,4,1,52.6,40.6,2,8,11,0,0
1,73.7,16,3,6,7,90.2,4,7,3,53.8,56.3,0,13,14,3,0
0,59,16,5,9,2,77.3,7,9,3,50,55.6,1,13,19,3,0
2,67.8,9,5,2,2,88.3,1,7,5,50,60,3,7,10,3,0
0,63.1,20,5,9,6,86.5,0,8,0,41.7,54.8,4,9,5,1,0
2,57,21,5,10,6,84.4,3,4,2,66.7,46.7,1,8,15,0,0
1,31,9,1,4,4,73.3,0,3,0,46.2,41.7,6,11,14,3,0
2,60.3,15,5,7,3,88.3,2,6,3,58.8,42.1,4,8,10,0,0
3,65.8,17,8,3,6,87,3,9,1,50,53.8,3,13,4,3,0
2,39.1,9,5,3,1,63.6,2,6,1,25,33.3,6,11,10,3,0
0,36.2,4,0,3,1,74.5,0,1,1,73.3,28.6,7,12,15,0,2
1,58.8,12,6,4,2,84.8,2,2,1,76.5,50,2,9,21,1,0
0,60.1,8,2,2,4,82.1,0,5,3,66.7,36.7,2,9,6,0,0
1,33.6,14,4,7,3,77.2,0,4,0,62.5,45.2,2,9,9,1,0
1,48.1,12,6,3,3,80.9,3,0,3,25,42.9,6,7,11,0,0
3,66.5,16,5,6,5,89.5,3,7,3,66.7,48.4,3,13,17,0,0
1,65.1,7,2,1,4,86.3,1,11,3,42.9,55.6,0,14,11,2,0
1,52.7,14,7,5,2,79.4,1,10,1,44.4,39.3,8,9,9,1,0
1,74.6,29,6,9,14,85.2,1,10,2,77.8,52.4,5,9,6,2,0
3,35.8,16,9,4,3,73.1,2,3,1,66.7,56.7,3,12,8,2,0
3,59.9,15,7,6,2,86.3,6,6,0,41.7,55,4,8,8,0,0
1,31.5,9,2,6,1,71.5,0,1,3,57.1,39.1,0,11,13,1,0
4,54.7,14,8,3,3,82.6,4,9,0,66.7,51.9,2,8,7,1,0
0,53.6,18,6,9,3,77.4,0,7,2,66.7,63.6,4,9,8,3,0
1,48.9,10,3,3,4,82.7,2,5,3,65.2,72.7,2,14,10,5,0
0,37.4,11,2,6,3,79.6,0,6,3,52.9,69,1,5,6,3,0
0,44.3,5,1,1,3,73.1,0,4,3,54.2,56.7,1,19,13,5,0
3,41.8,6,4,2,0,83.5,1,3,0,31.3,50,3,6,12,3,0
1,55.2,16,5,6,5,78.2,2,8,4,71.4,47.1,0,7,9,1,0
1,42,5,2,3,0,80.4,0,2,4,56.3,54.5,5,10,5,1,0
1,46.6,14,5,6,3,82.6,3,5,1,73.3,53.8,4,10,7,0,0
4,60.9,18,4,6,8,81.7,1,13,0,65.4,65.8,2,16,9,2,0
2,70.6,16,5,5,6,91.1,3,9,3,12.5,54.5,1,6,11,2,1
2,47.2,15,7,6,2,75.7,2,3,0,61.1,53.3,0,10,10,2,0
2,28.6,8,5,1,2,75.4,1,4,1,38.9,34.8,5,15,9,2,1
0,48.4,12,2,5,5,80.5,2,8,0,50,76,6,9,5,0,0
5,69.1,24,10,5,9,89.2,3,9,1,64.3,43.5,2,9,7,0,0
1,53,16,3,7,6,82.7,3,5,1,83.3,53.3,4,12,10,1,0
0,35.7,10,5,4,1,80.3,1,3,0,75,45.8,4,5,10,0,0
2,30.6,6,4,2,0,76.4,2,2,0,50,52.2,4,10,5,1,0
1,57.8,12,3,6,3,80.4,1,3,0,52.9,62.1,3,10,16,3,0
4,41,19,9,7,3,79.1,2,8,0,61.1,47.8,7,16,6,1,0
1,44.4,12,3,4,5,72.1,1,8,5,69.6,50,4,13,12,3,0
4,59.5,20,7,10,3,78.8,3,3,2,60,61.9,0,11,10,1,0
0,56.5,24,6,10,8,83.4,0,13,0,50,63.6,4,10,8,2,0
1,69,22,10,8,4,81.6,3,14,0,52.9,50,4,9,3,0,0
2,54.4,20,4,8,8,84.7,1,5,1,45.5,48.6,3,9,10,0,0
4,45.1,19,11,3,5,75.1,2,7,0,60,41.7,3,14,9,1,0
2,57.2,14,5,4,5,79.9,3,3,4,40.9,45.2,1,12,7,1,0
1,40.7,10,3,3,4,80.4,1,9,4,66.7,50,2,11,6,2,0
0,60.9,21,6,7,8,85.3,2,9,3,63.6,65.4,0,10,10,2,0
1,52.4,17,5,4,8,79,2,6,3,58.8,54.3,3,12,6,4,0
1,24.8,10,7,1,2,63.9,4,2,3,78.9,50,7,14,8,2,0
3,45.8,9,6,1,2,81.9,2,3,1,76.9,54.5,2,16,13,3,0
3,48.4,10,4,3,3,82.5,2,7,0,64.3,11.1,1,11,12,1,0
1,47.9,6,2,3,1,78,1,6,2,50,46.7,5,8,10,1,0
3,60.4,18,8,5,5,85.7,2,9,0,58.3,53.1,6,11,10,0,0
2,46.8,5,1,1,3,78.3,1,2,4,53.8,33.3,2,15,11,2,0
0,53.5,15,3,8,4,81.9,0,7,2,38.5,62.5,2,8,12,1,0
0,33.7,8,5,2,1,70,2,6,2,47.4,52.2,5,7,6,0,0
1,53.8,22,7,8,7,85.2,1,8,1,61.5,61.1,3,9,7,0,0
1,49.8,16,4,9,3,76.8,1,8,0,77.8,64.7,0,9,11,2,0
2,51.9,28,10,9,9,85.4,2,8,4,70.6,61.1,2,7,7,1,0
0,70.3,19,7,7,5,86.8,2,9,1,63.6,51.6,0,10,13,3,0
2,51.3,14,4,5,5,82.4,2,4,0,52.2,58.6,3,14,18,3,0
0,41.1,18,7,7,4,80.2,3,7,3,41.7,66.7,2,12,11,0,0
0,47,16,4,5,7,78,1,6,4,56,56.5,3,10,9,0,0
0,63,15,2,8,5,81.1,2,4,2,61.1,35,2,13,11,3,0
1,39.1,10,8,1,1,72.4,1,4,1,35.7,50,3,7,3,1,0
1,36.8,13,2,8,3,76.9,5,5,3,52.2,40,6,10,6,3,0
0,53.1,14,5,5,4,85.1,1,9,2,48,40.9,1,18,12,2,0
2,68.9,19,4,8,7,84.8,0,5,1,75,51.4,4,9,11,2,0
1,58,9,2,5,2,81.6,0,4,2,47.1,34.6,2,17,11,2,0
2,61.5,21,7,6,8,88.3,2,7,0,75,56.5,0,12,13,1,0
2,27.5,7,3,4,0,66.8,2,2,0,58.3,53.1,7,12,15,3,0
1,39.9,6,3,1,2,73.9,0,1,0,64.3,70,1,13,19,3,0
2,54.5,13,5,5,3,76.8,3,5,2,38.9,53.6,3,13,23,3,0
3,50.3,17,8,4,5,82.5,3,4,1,58.3,43.8,1,9,7,1,0
3,44,11,7,1,3,78.2,2,4,3,62.5,56.5,2,11,9,1,0
1,39.7,11,2,3,6,78.7,0,5,1,66.7,43.3,2,7,11,2,0
2,44.2,10,4,2,4,84.7,1,7,3,84.6,26.9,4,8,16,1,0
3,57.4,20,7,10,3,87.6,4,4,3,57.7,40.9,2,8,7,2,0
4,65.2,21,8,9,4,89.5,6,9,1,53.3,52.4,0,4,8,0,0
5,54.4,16,6,4,6,79.4,2,9,1,40,53.6,2,14,8,0,0
0,58.9,14,4,5,5,87.9,1,6,2,52.9,52.2,2,9,13,1,0
4,51.6,17,7,7,3,84.6,2,6,3,63.6,52.2,3,13,11,2,0
6,53.9,22,10,6,6,88,3,5,1,57.1,62.5,5,3,9,0,0
0,43.8,6,1,2,3,72,0,2,0,75,42.1,6,23,12,3,1
3,64.7,22,9,9,4,90.4,1,5,1,71.4,56.3,2,10,10,2,0
0,42,7,1,4,2,79.2,1,7,1,57.1,54.5,4,11,9,1,0
1,36,7,3,4,0,77.9,1,5,1,55.6,45,1,11,12,1,0
1,31.7,3,1,1,1,67.6,1,1,4,76.9,10,6,9,10,2,1
3,53.8,15,7,6,2,81.5,4,9,1,64.3,57.9,3,9,13,1,0
1,54.2,22,6,9,7,81.3,3,7,0,50,40.6,3,11,10,2,0
2,39.1,18,5,5,8,80.9,0,1,2,59.1,64,4,8,5,2,0
0,36.1,5,2,3,0,74.1,1,3,3,61.9,72.4,4,10,9,0,0
1,53.6,7,2,4,1,83,0,5,1,61.1,47.6,4,8,10,3,0
0,40.8,6,1,4,1,83.6,0,5,0,57.9,26.7,4,7,9,2,1
1,72.4,20,7,8,5,86.5,0,8,3,75,56,2,10,10,2,0
6,43.7,16,11,2,3,83.6,2,6,1,28.6,54.5,5,9,8,1,0
1,52.7,11,3,3,5,74.3,1,6,1,54.3,59.2,1,13,12,3,0
2,40.8,11,3,5,3,74.4,2,2,2,30,55.9,4,11,10,2,0
5,53.5,23,11,5,7,85.4,3,10,2,70.6,47.6,2,6,8,1,0
3,39.5,10,6,3,1,78.1,4,2,4,47.1,76.9,2,13,8,3,0
0,39.1,14,3,6,5,71.9,1,7,3,57.9,39.1,8,7,9,2,0
5,31.1,14,8,5,1,64.7,3,2,1,70.8,60.7,4,8,9,2,0
2,68.1,8,3,2,3,87.3,2,10,1,68.8,50,2,6,11,4,0
0,51.7,23,6,7,10,78.8,3,13,2,61.1,50,9,19,12,2,0
2,52.7,11,3,3,5,82.7,0,4,1,53.8,50,0,13,8,2,0
2,51.9,23,10,7,6,88,1,10,3,47.4,60.7,2,9,6,3,0
1,50.8,7,2,4,1,80.8,2,5,1,64.3,58.3,1,10,13,4,0
1,27.7,3,1,1,1,70.7,0,1,5,60,32.5,3,7,6,2,0
0,53.9,10,2,5,3,81.8,1,1,0,61.9,52.9,1,7,15,1,0
2,58.9,22,9,6,7,84.9,2,10,1,70,52.4,2,10,14,2,0
0,34.1,5,2,2,1,74.4,0,2,0,83.3,46.2,3,12,12,2,0
6,74.9,17,9,6,2,91.7,4,10,2,84.6,68,1,9,5,0,0
1,38.3,14,4,8,2,83.2,2,3,1,69.2,64.3,3,10,10,2,0
2,71.8,23,6,8,9,83.7,1,13,2,71.4,40.5,1,9,10,0,0
1,48.9,13,4,6,3,81.1,0,4,1,57.1,53.8,2,11,8,1,0
2,39.1,10,3,7,0,74.7,1,3,0,57.7,58.1,2,9,11,2,0
2,32.2,9,7,0,2,61,3,5,0,68.4,44.8,3,15,9,2,0
1,69.1,14,5,8,1,83.1,1,10,2,52,66.7,1,10,9,3,0
0,57.8,9,3,4,2,84,0,3,2,64.7,59.1,1,10,10,2,0
1,36.1,10,4,2,4,69.4,1,4,3,45.5,40.7,5,10,11,2,0
0,55.3,17,1,9,7,84.7,0,6,1,52.4,50,4,11,11,6,0
0,48.3,17,5,10,2,73.1,1,5,1,47.1,42.2,3,4,14,0,0
1,57.8,20,5,10,5,83.5,2,8,0,42.9,55.3,6,8,8,2,0
1,42.8,13,4,8,1,70.8,2,5,2,71.4,58.3,2,10,13,2,0
2,45.1,7,4,1,2,83.4,2,3,3,66.7,51.4,4,10,7,1,1
9,69.4,19,12,6,1,86.5,3,8,3,83.3,56.3,2,6,5,0,0
4,74.3,18,5,9,4,91.2,4,6,2,83.3,66.7,1,14,8,1,0
2,72,22,8,4,10,85.5,2,9,1,73.3,33.3,2,6,12,2,0
2,29.5,13,5,4,4,65.9,4,6,2,70.8,41.2,5,11,7,3,0
3,39.1,12,6,4,2,71.4,2,4,1,53.8,32.3,3,16,15,0,0
0,49.6,13,3,3,7,80.5,0,5,3,62.5,69,0,10,6,2,0
3,31.3,12,6,4,2,67.3,4,5,2,53.8,44.4,7,14,7,4,0
1,49.9,11,4,5,2,87.1,1,8,2,44.4,35.7,3,10,8,2,0
3,50.8,17,9,5,3,84.4,3,4,1,64.3,40.9,4,16,13,2,0
1,48.3,19,8,6,5,77.4,1,6,4,61.5,40,4,6,9,3,0
3,43.7,18,9,4,5,70.4,3,6,5,66.7,46.5,3,13,7,3,0
1,62,6,1,3,2,81.7,0,2,0,73.3,45.9,1,11,14,2,0
0,41.8,6,1,5,0,78.8,0,3,1,36.4,44.4,3,12,10,2,0
1,72.6,24,4,10,10,87,3,4,3,75,36,2,7,7,2,1
1,43.2,13,6,4,3,66,2,6,3,50,47.4,4,10,10,4,0
2,63.7,16,3,6,7,85.8,2,8,2,64.3,46.7,3,9,9,3,0
2,57.5,12,4,4,4,84.1,3,5,2,60,53.8,4,9,7,4,0
4,49.9,19,7,8,4,83.5,3,6,2,75,57.6,1,15,9,1,0
0,54.5,13,7,3,3,76.5,3,7,1,77.8,52.9,1,8,4,2,0
4,66.7,19,7,6,6,93.2,2,11,2,50,52.9,1,9,9,0,0
2,42.6,14,4,7,3,69.9,2,2,1,52.9,42.5,3,10,11,1,0
0,59.6,7,1,5,1,79,2,5,1,61.1,53.6,3,7,14,3,0
4,33.3,13,7,3,3,65.5,2,8,1,66.7,41.7,4,6,14,0,0
2,55.4,14,5,6,3,87.9,0,5,2,69.2,48.3,1,6,5,0,0
1,62.9,17,5,5,7,82.5,1,6,3,66.7,55,2,7,12,4,0
0,24.6,6,1,2,3,78.3,0,1,4,42.9,47.6,0,8,4,0,0
2,33.1,9,3,2,4,61.6,0,4,4,52,63.9,1,7,8,2,0
2,34.4,7,3,2,2,70.1,1,5,1,60,50,2,18,16,3,0
2,40.1,12,4,5,3,75.8,2,6,0,66.7,56.3,5,13,8,2,0
2,61.4,23,10,8,5,80.8,2,11,2,68.4,42.9,0,9,14,0,0
4,57.5,18,8,6,4,85,1,10,2,62.5,54.2,1,11,5,3,0
0,37.3,8,4,3,1,73.4,0,4,0,70.8,35.3,5,14,11,3,0
0,56.3,10,2,2,6,86.7,2,3,1,50,41.7,1,16,9,1,0
